날짜,시가,고가,저가,종가,MA5,MA20,MA60,MA120,거래량
2015-06-18,10125.0,10150.0,10025.0,10075.0,,,,,273014
2015-06-19,10100.0,10650.0,10075.0,10350.0,,,,,130207
2015-06-22,10350.0,10425.0,10275.0,10375.0,,,,,24331
2015-06-23,10375.0,10400.0,10300.0,10325.0,,,,,15616
2015-06-24,10325.0,10375.0,10275.0,10350.0,10295.0,,,,10815
2015-06-25,10350.0,10375.0,10325.0,10375.0,10355.0,,,,9387
2015-06-26,10350.0,10550.0,10350.0,10475.0,10380.0,,,,16254
2015-06-29,10350.0,10750.0,10350.0,10675.0,10440.0,,,,11726
2015-06-30,10725.0,10750.0,10550.0,10675.0,10510.0,,,,6594
2015-07-01,10675.0,10900.0,10675.0,10875.0,10615.0,,,,10179
2015-07-02,10975.0,11050.0,10875.0,11050.0,10750.0,,,,3981
2015-07-03,11000.0,11100.0,10950.0,10950.0,10845.0,,,,5392
2015-07-06,10950.0,10950.0,10750.0,10825.0,10875.0,,,,11775
2015-07-07,10975.0,11000.0,10850.0,10900.0,10920.0,,,,2261
2015-07-08,11000.0,11000.0,10900.0,10900.0,10925.0,,,,10322
2015-07-09,10875.0,11000.0,10875.0,11000.0,10915.0,,,,1048
2015-07-10,10975.0,11000.0,10950.0,11000.0,10925.0,,,,1177
2015-07-13,10950.0,11050.0,10950.0,11050.0,10970.0,,,,1462
2015-07-14,11050.0,11150.0,11025.0,11125.0,11015.0,,,,1044
2015-07-15,11150.0,11150.0,11100.0,11100.0,11055.0,10722.5,,,742
2015-07-16,11225.0,11225.0,10725.0,10950.0,11045.0,10766.25,,,11600
2015-07-17,10925.0,11000.0,10925.0,10975.0,11040.0,10797.5,,,807
2015-07-20,10800.0,11125.0,10800.0,10950.0,11020.0,10826.25,,,5045
2015-07-21,11150.0,11150.0,10925.0,10925.0,10980.0,10856.25,,,11728
2015-07-22,10950.0,11150.0,10950.0,10975.0,10955.0,10887.5,,,5492
2015-07-23,11025.0,11200.0,10975.0,11025.0,10970.0,10920.0,,,3557
2015-07-24,11025.0,11425.0,11025.0,11300.0,11035.0,10961.25,,,1194
2015-07-27,11250.0,11625.0,11125.0,11350.0,11115.0,10995.0,,,4595
2015-07-28,11175.0,12000.0,11175.0,11875.0,11305.0,11055.0,,,8576
2015-07-29,11950.0,12150.0,11750.0,12150.0,11540.0,11118.75,,,6778
2015-07-30,11900.0,12550.0,11875.0,12475.0,11830.0,11190.0,,,3585
2015-07-31,12425.0,12500.0,11400.0,12400.0,12050.0,11262.5,,,12225
2015-08-03,12000.0,12150.0,11700.0,11700.0,12120.0,11306.25,,,2747
2015-08-04,11725.0,12075.0,11725.0,12000.0,12145.0,11361.25,,,4167
2015-08-05,12000.0,13850.0,12000.0,12200.0,12155.0,11426.25,,,24217
2015-08-06,12800.0,12800.0,12050.0,12150.0,12090.0,11483.75,,,6848
2015-08-07,12150.0,12300.0,12150.0,12300.0,12070.0,11548.75,,,3105
2015-08-10,12250.0,12350.0,12200.0,12200.0,12170.0,11606.25,,,598
2015-08-11,11875.0,12175.0,11875.0,12175.0,12205.0,11658.75,,,63
2015-08-12,12150.0,12150.0,11650.0,11900.0,12145.0,11698.75,,,1391
2015-08-13,11400.0,11975.0,11400.0,11925.0,12100.0,11747.5,,,1460
2015-08-14,11925.0,11925.0,11925.0,11925.0,12025.0,11795.0,,,0
2015-08-17,11500.0,11875.0,11500.0,11850.0,11955.0,11840.0,,,1024
2015-08-18,11500.0,11500.0,11000.0,11425.0,11805.0,11865.0,,,30886
2015-08-19,11075.0,11325.0,11025.0,11150.0,11655.0,11873.75,,,33168
2015-08-20,11000.0,11300.0,11000.0,11150.0,11500.0,11880.0,,,4260
2015-08-21,11225.0,11225.0,10900.0,11100.0,11335.0,11870.0,,,1309
2015-08-24,10900.0,10975.0,10775.0,10950.0,11155.0,11850.0,,,5508
2015-08-25,10950.0,11050.0,10725.0,10900.0,11050.0,11801.25,,,15969
2015-08-26,11000.0,11000.0,10875.0,10875.0,10995.0,11737.5,,,1193
2015-08-27,10875.0,11125.0,10775.0,10825.0,10930.0,11655.0,,,11559
2015-08-28,11100.0,11100.0,10850.0,10975.0,10905.0,11583.75,,,424
2015-08-31,11000.0,11000.0,10825.0,10975.0,10910.0,11547.5,,,4497
2015-09-01,10900.0,10975.0,10800.0,10925.0,10915.0,11493.75,,,3600
2015-09-02,10700.0,11025.0,10700.0,11025.0,10945.0,11435.0,,,7328
2015-09-03,11025.0,11025.0,10900.0,11025.0,10985.0,11378.75,,,1073
2015-09-04,11025.0,11025.0,10750.0,10950.0,10980.0,11311.25,,,6331
2015-09-07,11125.0,11125.0,10825.0,10875.0,10960.0,11245.0,,,1578
2015-09-08,10900.0,10900.0,10850.0,10850.0,10945.0,11178.75,,,2743
2015-09-09,10825.0,11000.0,10825.0,10975.0,10935.0,11132.5,11184.583333333334,,2536
2015-09-10,10975.0,11025.0,10950.0,11025.0,10935.0,11087.5,11200.416666666666,,1506
2015-09-11,10900.0,11075.0,10900.0,11000.0,10945.0,11041.25,11211.25,,1774
2015-09-14,10900.0,11000.0,10750.0,10975.0,10965.0,10997.5,11221.25,,10139
2015-09-15,10975.0,10975.0,10875.0,10975.0,10990.0,10975.0,11232.083333333334,,30
2015-09-16,10900.0,10975.0,10800.0,10900.0,10975.0,10962.5,11241.25,,10562
2015-09-17,10825.0,10900.0,10825.0,10875.0,10945.0,10948.75,11249.583333333334,,2786
2015-09-18,10700.0,10900.0,10700.0,10750.0,10895.0,10931.25,11254.166666666666,,4237
2015-09-21,10750.0,10950.0,10750.0,10900.0,10880.0,10928.75,11257.916666666666,,6523
2015-09-22,10725.0,10850.0,10675.0,10775.0,10840.0,10922.5,11259.583333333334,,20797
2015-09-23,10775.0,10775.0,10675.0,10750.0,10810.0,10916.25,11257.5,,2053
2015-09-24,10775.0,10775.0,10625.0,10775.0,10790.0,10913.75,11252.916666666666,,5898
2015-09-25,10650.0,10825.0,10650.0,10750.0,10790.0,10902.5,11249.583333333334,,41
2015-09-30,10600.0,10800.0,10600.0,10775.0,10765.0,10892.5,11248.75,,630
2015-10-01,10500.0,10850.0,10500.0,10600.0,10730.0,10876.25,11243.75,,11686
2015-10-02,10625.0,10675.0,10525.0,10675.0,10715.0,10858.75,11240.0,,1056
2015-10-05,10525.0,10700.0,10525.0,10700.0,10700.0,10842.5,11235.0,,432
2015-10-06,10525.0,10700.0,10525.0,10675.0,10685.0,10828.75,11229.583333333334,,711
2015-10-07,10650.0,10700.0,10550.0,10700.0,10670.0,10820.0,11223.75,,6784
2015-10-08,10575.0,10750.0,10550.0,10750.0,10700.0,10815.0,11217.5,,6238
2015-10-12,10750.0,10750.0,10600.0,10625.0,10690.0,10797.5,11209.583333333334,,287
2015-10-13,10550.0,10625.0,10500.0,10525.0,10655.0,10772.5,11202.5,,2373
2015-10-14,10525.0,10600.0,10500.0,10600.0,10640.0,10752.5,11196.25,,1445
2015-10-15,10550.0,10550.0,10500.0,10550.0,10610.0,10731.25,11189.583333333334,,1697
2015-10-16,10550.0,10600.0,10500.0,10500.0,10560.0,10707.5,11182.5,,4990
2015-10-19,10500.0,10600.0,10500.0,10575.0,10550.0,10691.25,11175.833333333334,,873
2015-10-20,10500.0,10625.0,10500.0,10600.0,10565.0,10677.5,11168.75,,501
2015-10-21,10525.0,10600.0,10525.0,10600.0,10565.0,10670.0,11157.083333333334,,1279
2015-10-22,10600.0,10600.0,10525.0,10525.0,10560.0,10651.25,11143.333333333334,,687
2015-10-23,10500.0,10725.0,10475.0,10625.0,10585.0,10643.75,11122.5,,3377
2015-10-26,10500.0,10600.0,10475.0,10600.0,10590.0,10636.25,11096.666666666666,,2454
2015-10-27,10500.0,10600.0,10500.0,10600.0,10590.0,10627.5,11065.416666666666,,2301
2015-10-28,10600.0,10600.0,10525.0,10575.0,10585.0,10618.75,11035.0,,86
2015-10-29,10500.0,10600.0,10500.0,10600.0,10600.0,10610.0,11016.666666666666,,1524
2015-10-30,10475.0,10700.0,10475.0,10500.0,10575.0,10605.0,10991.666666666666,,1989
2015-11-02,10500.0,10600.0,10475.0,10600.0,10575.0,10601.25,10965.0,,6826
2015-11-03,10475.0,10600.0,10475.0,10500.0,10555.0,10591.25,10937.5,,75
2015-11-04,10475.0,10525.0,10350.0,10350.0,10510.0,10575.0,10905.0,,1016
2015-11-05,10350.0,10475.0,10300.0,10475.0,10485.0,10563.75,10876.25,,3686
2015-11-06,10325.0,10400.0,10250.0,10400.0,10465.0,10546.25,10846.666666666666,,4197
2015-11-09,10400.0,10400.0,10250.0,10350.0,10415.0,10532.5,10820.833333333334,,1316
2015-11-10,10225.0,10400.0,10050.0,10300.0,10375.0,10521.25,10793.75,,4009
2015-11-11,10300.0,10300.0,10125.0,10275.0,10360.0,10505.0,10766.25,,77
2015-11-12,10250.0,10250.0,10150.0,10250.0,10315.0,10490.0,10739.583333333334,,602
2015-11-13,10225.0,10250.0,10200.0,10250.0,10285.0,10477.5,10720.0,,1235
2015-11-16,10125.0,10300.0,10075.0,10275.0,10270.0,10462.5,10705.416666666666,,1261
2015-11-17,10125.0,10325.0,10100.0,10200.0,10250.0,10442.5,10689.583333333334,,281
2015-11-18,10150.0,10150.0,10050.0,10125.0,10220.0,10418.75,10673.333333333334,,903
2015-11-19,10125.0,10125.0,10025.0,10125.0,10195.0,10398.75,10659.583333333334,,1860
2015-11-20,10025.0,10125.0,10025.0,10125.0,10170.0,10373.75,10646.666666666666,,246
2015-11-23,10025.0,10100.0,10000.0,10050.0,10125.0,10346.25,10632.916666666666,,1351
2015-11-24,10000.0,10050.0,9925.0,10050.0,10095.0,10318.75,10620.0,,3743
2015-11-25,10000.0,10050.0,10000.0,10050.0,10080.0,10292.5,10604.583333333334,,6947
2015-11-26,10000.0,10125.0,10000.0,10100.0,10075.0,10267.5,10590.0,,177
2015-11-27,10025.0,10125.0,10025.0,10050.0,10060.0,10245.0,10575.416666666666,,499
2015-11-30,10025.0,10225.0,9950.0,10025.0,10055.0,10216.25,10558.75,,12540
2015-12-01,10025.0,10050.0,9950.0,9975.0,10040.0,10190.0,10541.25,,2923
2015-12-02,10000.0,10050.0,10000.0,10025.0,10035.0,10173.75,10525.833333333334,,12518
2015-12-03,10025.0,10025.0,9975.0,10000.0,10015.0,10150.0,10511.25,,212
2015-12-04,10000.0,10050.0,10000.0,10050.0,10015.0,10132.5,10497.916666666666,,413
2015-12-07,10050.0,10050.0,10000.0,10000.0,10010.0,10115.0,10481.666666666666,10833.125,1003
2015-12-08,9975.0,10000.0,9975.0,10000.0,10015.0,10100.0,10464.583333333334,10832.5,1585
2015-12-09,9950.0,10025.0,9950.0,10025.0,10015.0,10087.5,10448.333333333334,10829.791666666666,3232
2015-12-10,9975.0,10000.0,9975.0,10000.0,10015.0,10075.0,10432.083333333334,10826.666666666666,385
2015-12-11,10000.0,10000.0,10000.0,10000.0,10005.0,10062.5,10415.833333333334,10823.958333333334,0
2015-12-14,9925.0,10000.0,9925.0,9975.0,10000.0,10047.5,10400.416666666666,10820.833333333334,1522
2015-12-15,9975.0,10050.0,9975.0,10000.0,10000.0,10037.5,10385.833333333334,10817.708333333334,1555
2015-12-16,10000.0,10000.0,9975.0,10000.0,9995.0,10031.25,10373.333333333334,10813.75,2964
2015-12-17,10000.0,10000.0,9975.0,9975.0,9990.0,10023.75,10357.916666666666,10807.916666666666,687
2015-12-18,9975.0,10000.0,9975.0,10000.0,9990.0,10017.5,10345.0,10802.291666666666,1993
2015-12-21,10050.0,10050.0,9950.0,10050.0,10005.0,10017.5,10333.333333333334,10795.416666666666,1629
2015-12-22,10000.0,10050.0,10000.0,10025.0,10010.0,10016.25,10320.833333333334,10786.875,1829
2015-12-23,10050.0,10050.0,10000.0,10025.0,10015.0,10015.0,10308.75,10779.166666666666,279
2015-12-24,10000.0,10050.0,9975.0,10050.0,10030.0,10012.5,10296.666666666666,10772.708333333334,1127
2015-12-28,10050.0,10050.0,9950.0,10050.0,10040.0,10012.5,10287.5,10765.625,1811
2015-12-29,10050.0,10050.0,10050.0,10050.0,10040.0,10013.75,10277.083333333334,10758.541666666666,0
2015-12-30,10050.0,10050.0,9975.0,10050.0,10045.0,10017.5,10266.25,10750.625,545
2016-01-04,10050.0,10050.0,9975.0,10050.0,10050.0,10018.75,10255.833333333334,10742.708333333334,20
2016-01-05,9975.0,10000.0,9975.0,10000.0,10040.0,10018.75,10244.166666666666,10733.958333333334,2165
2016-01-06,10000.0,10000.0,9975.0,10000.0,10030.0,10016.25,10231.666666666666,10724.583333333334,259
2016-01-07,10000.0,10000.0,9950.0,10000.0,10020.0,10016.25,10221.25,10715.416666666666,4305
2016-01-08,9950.0,9975.0,9950.0,9975.0,10005.0,10015.0,10212.083333333334,10707.291666666666,232
2016-01-11,9975.0,10025.0,9975.0,10025.0,10000.0,10015.0,10202.5,10699.375,31
2016-01-12,10025.0,10025.0,10025.0,10025.0,10005.0,10016.25,10193.75,10691.666666666666,0
2016-01-13,10000.0,10000.0,9975.0,9975.0,10000.0,10015.0,10185.0,10683.75,350
2016-01-14,9975.0,10000.0,9950.0,9975.0,9995.0,10015.0,10175.0,10675.416666666666,534
2016-01-15,9950.0,9950.0,9925.0,9950.0,9990.0,10012.5,10164.166666666666,10666.458333333334,1316
2016-01-18,9925.0,9950.0,9900.0,9925.0,9970.0,10008.75,10152.916666666666,10655.0,2747
2016-01-19,9875.0,9975.0,9875.0,9950.0,9955.0,10007.5,10143.333333333334,10643.333333333334,1854
2016-01-20,9950.0,9950.0,9875.0,9950.0,9950.0,10005.0,10132.083333333334,10627.291666666666,614
2016-01-21,9950.0,9975.0,9925.0,9975.0,9950.0,10001.25,10121.666666666666,10609.166666666666,726
2016-01-22,9975.0,10000.0,9950.0,9950.0,9950.0,9997.5,10110.833333333334,10588.125,371
2016-01-25,9950.0,9950.0,9925.0,9925.0,9950.0,9992.5,10100.0,10567.5,313
2016-01-26,9975.0,9975.0,9975.0,9975.0,9955.0,9988.75,10089.583333333334,10553.125,329
2016-01-27,9950.0,9975.0,9850.0,9975.0,9960.0,9985.0,10080.833333333334,10536.25,423
2016-01-28,9950.0,9975.0,9950.0,9975.0,9960.0,9981.25,10070.416666666666,10517.708333333334,10
2016-01-29,9975.0,10000.0,9975.0,10000.0,9970.0,9978.75,10062.083333333334,10499.791666666666,718
2016-02-01,10000.0,10250.0,9975.0,10075.0,10000.0,9980.0,10057.5,10481.25,287
2016-02-02,10025.0,10025.0,10000.0,10000.0,10005.0,9980.0,10049.583333333334,10462.916666666666,268
2016-02-03,9925.0,9975.0,9925.0,9975.0,10005.0,9978.75,10042.5,10444.583333333334,251
2016-02-04,9950.0,10000.0,9925.0,9975.0,10005.0,9977.5,10036.25,10428.541666666666,311
2016-02-05,9950.0,9975.0,9900.0,9950.0,9995.0,9976.25,10030.416666666666,10412.083333333334,282
2016-02-11,9950.0,10000.0,9950.0,10000.0,9980.0,9975.0,10025.833333333334,10396.041666666666,560
2016-02-12,9975.0,10000.0,9975.0,10000.0,9980.0,9973.75,10021.666666666666,10380.625,4460
2016-02-15,9975.0,10000.0,9975.0,10000.0,9985.0,9975.0,10017.5,10368.75,200
2016-02-16,9975.0,9975.0,9925.0,9975.0,9985.0,9975.0,10012.5,10358.958333333334,824
2016-02-17,9975.0,10000.0,9975.0,9975.0,9990.0,9976.25,10008.75,10349.166666666666,553
2016-02-18,9975.0,9975.0,9975.0,9975.0,9985.0,9978.75,10006.25,10339.791666666666,40
2016-02-19,9950.0,10000.0,9950.0,10000.0,9985.0,9981.25,10004.166666666666,10331.875,0
2016-02-22,9950.0,10000.0,9950.0,10000.0,9985.0,9983.75,10002.083333333334,10324.375,340
2016-02-23,9950.0,9975.0,9950.0,9975.0,9985.0,9983.75,10000.833333333334,10316.875,140
2016-02-24,9975.0,9975.0,9975.0,9975.0,9985.0,9985.0,9999.583333333334,10309.791666666666,0
2016-02-25,9925.0,9975.0,9925.0,9975.0,9985.0,9987.5,9998.333333333334,10301.458333333334,8
2016-02-26,9900.0,9975.0,9900.0,9975.0,9980.0,9987.5,9996.25,10293.125,474
2016-02-29,9750.0,9925.0,9750.0,9875.0,9955.0,9982.5,9993.333333333334,10284.375,1246
2016-03-02,9950.0,9950.0,9950.0,9950.0,9950.0,9981.25,9992.083333333334,10275.416666666666,219
2016-03-03,9950.0,9950.0,9925.0,9950.0,9945.0,9978.75,9991.666666666666,10266.458333333334,2020
2016-03-04,9950.0,9950.0,9825.0,9950.0,9940.0,9972.5,9990.416666666666,10258.125,906
2016-03-07,9850.0,9850.0,9600.0,9775.0,9900.0,9961.25,9986.666666666666,10248.958333333334,14182
2016-03-08,9850.0,9900.0,9750.0,9850.0,9895.0,9955.0,9983.333333333334,10240.625,123
2016-03-09,9850.0,9850.0,9800.0,9825.0,9870.0,9947.5,9980.416666666666,10231.041666666666,2054
2016-03-10,9825.0,9850.0,9800.0,9850.0,9850.0,9942.5,9977.916666666666,10221.25,1468
2016-03-11,9825.0,9850.0,9825.0,9825.0,9825.0,9933.75,9974.583333333334,10211.458333333334,1233
2016-03-14,9850.0,9875.0,9800.0,9875.0,9845.0,9927.5,9972.5,10202.291666666666,2432
2016-03-15,9825.0,9925.0,9825.0,9925.0,9860.0,9923.75,9971.25,10193.541666666666,9
2016-03-16,9925.0,9925.0,9925.0,9925.0,9880.0,9921.25,9970.416666666666,10185.416666666666,0
2016-03-17,9800.0,9875.0,9800.0,9875.0,9885.0,9916.25,9968.333333333334,10177.083333333334,99
2016-03-18,9850.0,9850.0,9850.0,9850.0,9890.0,9910.0,9965.833333333334,10169.583333333334,1000
2016-03-21,9825.0,9850.0,9800.0,9850.0,9885.0,9902.5,9963.75,10160.833333333334,232
2016-03-22,9800.0,9800.0,9800.0,9800.0,9860.0,9892.5,9960.416666666666,10152.708333333334,236
2016-03-23,9800.0,9825.0,9775.0,9825.0,9840.0,9885.0,9956.666666666666,10145.0,2862
2016-03-24,9825.0,10025.0,9775.0,9900.0,9845.0,9881.25,9954.583333333334,10137.708333333334,3425
2016-03-25,10000.0,10025.0,10000.0,10025.0,9880.0,9883.75,9954.583333333334,10131.666666666666,1866
2016-03-28,9950.0,9950.0,9800.0,9950.0,9900.0,9882.5,9952.916666666666,10124.791666666666,774
2016-03-29,10000.0,10000.0,9850.0,9975.0,9935.0,9887.5,9951.666666666666,10119.583333333334,74
2016-03-30,10000.0,10000.0,9900.0,9950.0,9960.0,9887.5,9950.0,10113.541666666666,203
2016-03-31,9975.0,9975.0,9800.0,9950.0,9970.0,9887.5,9948.333333333334,10107.291666666666,1132
2016-04-01,10000.0,10000.0,9900.0,9950.0,9955.0,9887.5,9946.666666666666,10101.25,1132
2016-04-04,9950.0,9950.0,9950.0,9950.0,9955.0,9896.25,9945.833333333334,10095.0,403
2016-04-05,9950.0,9950.0,9950.0,9950.0,9950.0,9901.25,9945.0,10088.333333333334,601
2016-04-06,9950.0,9950.0,9950.0,9950.0,9950.0,9907.5,9944.166666666666,10082.708333333334,0
2016-04-07,9950.0,9950.0,9950.0,9950.0,9950.0,9912.5,9943.75,10077.916666666666,47
2016-04-08,9950.0,9950.0,9950.0,9950.0,9950.0,9918.75,9942.5,10072.5,190
2016-04-11,9900.0,9950.0,9825.0,9950.0,9950.0,9922.5,9941.25,10067.5,173
2016-04-12,9925.0,9925.0,9900.0,9900.0,9940.0,9921.25,9940.0,10062.5,740
2016-04-14,10000.0,10000.0,10000.0,10000.0,9950.0,9925.0,9940.416666666666,10057.708333333334,0
2016-04-15,9975.0,10000.0,9850.0,10000.0,9960.0,9931.25,9941.25,10052.708333333334,1440
2016-04-18,9900.0,9900.0,9875.0,9875.0,9945.0,9932.5,9940.416666666666,10046.666666666666,410
2016-04-19,9850.0,9850.0,9850.0,9850.0,9925.0,9932.5,9938.75,10041.041666666666,1194
2016-04-20,9850.0,9850.0,9800.0,9800.0,9905.0,9932.5,9936.25,10034.166666666666,1334
2016-04-21,9800.0,9800.0,9800.0,9800.0,9865.0,9931.25,9933.333333333334,10027.5,18
2016-04-22,9850.0,9950.0,9800.0,9950.0,9855.0,9933.75,9933.333333333334,10022.083333333334,1634
2016-04-25,9950.0,9975.0,9700.0,9925.0,9865.0,9928.75,9933.333333333334,10016.666666666666,3975
2016-04-26,9925.0,9925.0,9750.0,9850.0,9865.0,9923.75,9931.25,10010.416666666666,282
2016-04-27,9775.0,9950.0,9775.0,9950.0,9895.0,9922.5,9930.833333333334,10005.833333333334,273
2016-04-28,9900.0,9900.0,9850.0,9900.0,9915.0,9920.0,9929.583333333334,10000.0,32
2016-04-29,9725.0,9925.0,9725.0,9925.0,9910.0,9918.75,9928.333333333334,9995.208333333334,218
2016-05-02,9925.0,9925.0,9925.0,9925.0,9910.0,9917.5,9925.833333333334,9991.666666666666,0
2016-05-03,9925.0,9925.0,9925.0,9925.0,9925.0,9916.25,9924.583333333334,9987.083333333334,0
2016-05-04,9925.0,9925.0,9925.0,9925.0,9920.0,9915.0,9923.75,9983.125,0
2016-05-09,9925.0,9925.0,9925.0,9925.0,9925.0,9913.75,9922.916666666666,9979.583333333334,0
2016-05-10,9925.0,9925.0,9925.0,9925.0,9925.0,9912.5,9922.5,9976.458333333334,0
2016-05-11,9925.0,9925.0,9925.0,9925.0,9925.0,9911.25,9921.25,9973.541666666666,0
2016-05-12,9925.0,9925.0,9925.0,9925.0,9925.0,9910.0,9920.0,9970.833333333334,0
2016-05-13,9925.0,9925.0,9925.0,9925.0,9925.0,9911.25,9918.75,9968.125,0
2016-05-16,9925.0,9925.0,9925.0,9925.0,9925.0,9907.5,9917.916666666666,9965.208333333334,0
2016-05-17,9925.0,9925.0,9925.0,9925.0,9925.0,9903.75,9917.083333333334,9962.916666666666,0
2016-05-18,9925.0,9925.0,9925.0,9925.0,9925.0,9906.25,9916.25,9961.25,0
2016-05-19,9925.0,9925.0,9925.0,9925.0,9925.0,9910.0,9915.0,9959.583333333334,0
2016-05-20,9925.0,9925.0,9925.0,9925.0,9925.0,9916.25,9913.75,9957.916666666666,0
2016-05-23,9925.0,9925.0,9925.0,9925.0,9925.0,9922.5,9912.916666666666,9956.875,0
2016-05-24,9925.0,9925.0,9925.0,9925.0,9925.0,9921.25,9912.083333333334,9955.833333333334,0
2016-05-25,9925.0,9925.0,9925.0,9925.0,9925.0,9921.25,9911.25,9954.791666666666,0
2016-05-26,9925.0,9925.0,9925.0,9925.0,9925.0,9925.0,9910.416666666666,9953.333333333334,0
2016-05-27,9925.0,9925.0,9925.0,9925.0,9925.0,9923.75,9911.25,9952.291666666666,0
2016-05-30,9925.0,9925.0,9925.0,9925.0,9925.0,9925.0,9910.833333333334,9951.458333333334,0
2016-05-31,9925.0,9925.0,9925.0,9925.0,9925.0,9925.0,9910.416666666666,9951.041666666666,0
2016-06-01,9925.0,9925.0,9925.0,9925.0,9925.0,9925.0,9910.0,9950.208333333334,0
2016-06-02,9925.0,9925.0,9925.0,9925.0,9925.0,9925.0,9912.5,9949.583333333334,0
2016-06-03,9925.0,9925.0,9925.0,9925.0,9925.0,9925.0,9913.75,9948.541666666666,0
2016-06-07,9925.0,9925.0,9925.0,9925.0,9925.0,9925.0,9915.416666666666,9947.916666666666,0
2016-06-08,9925.0,9925.0,9925.0,9925.0,9925.0,9925.0,9916.666666666666,9947.291666666666,0
2016-06-09,9925.0,9925.0,9925.0,9925.0,9925.0,9925.0,9918.333333333334,9946.458333333334,0
2016-06-10,9925.0,9925.0,9925.0,9925.0,9925.0,9925.0,9919.166666666666,9945.833333333334,0
2016-06-13,9925.0,9925.0,9925.0,9925.0,9925.0,9925.0,9919.166666666666,9945.208333333334,0
2016-06-14,9925.0,9925.0,9925.0,9925.0,9925.0,9925.0,9919.166666666666,9944.791666666666,0
2016-06-15,9925.0,9925.0,9925.0,9925.0,9925.0,9925.0,9920.0,9944.166666666666,0
2016-06-16,9925.0,9925.0,9925.0,9925.0,9925.0,9925.0,9921.25,9943.541666666666,0
2016-06-17,9925.0,9925.0,9925.0,9925.0,9925.0,9925.0,9922.5,9943.125,0
2016-06-20,9925.0,9925.0,9925.0,9925.0,9925.0,9925.0,9924.583333333334,9942.5,0
2016-06-21,9925.0,9925.0,9925.0,9925.0,9925.0,9925.0,9926.25,9941.458333333334,0
2016-06-22,9925.0,9925.0,9925.0,9925.0,9925.0,9925.0,9926.666666666666,9940.625,0
2016-06-23,9925.0,9925.0,9925.0,9925.0,9925.0,9925.0,9925.0,9939.791666666666,0
2016-06-24,9925.0,9925.0,9925.0,9925.0,9925.0,9925.0,9924.583333333334,9938.75,0
2016-06-27,9925.0,9925.0,9925.0,9925.0,9925.0,9925.0,9923.75,9937.708333333334,0
2016-06-28,9925.0,9925.0,9925.0,9925.0,9925.0,9925.0,9923.333333333334,9936.666666666666,0
2016-06-29,9925.0,9925.0,9925.0,9925.0,9925.0,9925.0,9922.916666666666,9935.625,0
2016-06-30,9925.0,9925.0,9925.0,9925.0,9925.0,9925.0,9922.5,9934.583333333334,0
2016-07-01,9925.0,9925.0,9925.0,9925.0,9925.0,9925.0,9922.083333333334,9933.958333333334,0
2016-07-04,9925.0,9925.0,9925.0,9925.0,9925.0,9925.0,9921.666666666666,9933.333333333334,0
2016-07-05,9925.0,9925.0,9925.0,9925.0,9925.0,9925.0,9921.25,9932.708333333334,0
2016-07-06,9925.0,9925.0,9925.0,9925.0,9925.0,9925.0,9920.833333333334,9932.291666666666,0
2016-07-07,9925.0,9925.0,9925.0,9925.0,9925.0,9925.0,9920.416666666666,9931.458333333334,0
2016-07-08,9925.0,9925.0,9925.0,9925.0,9925.0,9925.0,9920.0,9930.625,0
2016-07-11,9925.0,9925.0,9925.0,9925.0,9925.0,9925.0,9920.416666666666,9930.208333333334,0
2016-07-12,9925.0,9925.0,9925.0,9925.0,9925.0,9925.0,9919.166666666666,9929.791666666666,0
2016-07-13,9925.0,9925.0,9925.0,9925.0,9925.0,9925.0,9917.916666666666,9929.583333333334,0
2016-07-14,9925.0,9925.0,9925.0,9925.0,9925.0,9925.0,9918.75,9929.583333333334,0
2016-07-15,9925.0,9925.0,9925.0,9925.0,9925.0,9925.0,9920.0,9929.375,0
2016-07-18,9925.0,9925.0,9925.0,9925.0,9925.0,9925.0,9922.083333333334,9929.166666666666,0
2016-07-19,9925.0,9925.0,9925.0,9925.0,9925.0,9925.0,9924.166666666666,9928.75,0
2016-07-20,9925.0,9925.0,9925.0,9925.0,9925.0,9925.0,9923.75,9928.541666666666,0
2016-07-21,9925.0,9925.0,9925.0,9925.0,9925.0,9925.0,9923.75,9928.541666666666,0
2016-07-22,9925.0,9925.0,9925.0,9925.0,9925.0,9925.0,9925.0,9928.125,0
2016-07-25,9925.0,9925.0,9925.0,9925.0,9925.0,9925.0,9924.583333333334,9927.708333333334,0
2016-07-26,9925.0,9925.0,9925.0,9925.0,9925.0,9925.0,9925.0,9927.291666666666,0
2016-07-27,9925.0,9925.0,9925.0,9925.0,9925.0,9925.0,9925.0,9926.666666666666,0
2016-07-28,9925.0,9925.0,9925.0,9925.0,9925.0,9925.0,9925.0,9925.416666666666,0
2016-07-29,9925.0,9925.0,9925.0,9925.0,9925.0,9925.0,9925.0,9924.791666666666,0
2016-08-01,9925.0,9925.0,9925.0,9925.0,9925.0,9925.0,9925.0,9924.375,0
2016-08-02,9925.0,9925.0,9925.0,9925.0,9925.0,9925.0,9925.0,9923.958333333334,0
2016-08-03,9925.0,9925.0,9925.0,9925.0,9925.0,9925.0,9925.0,9923.75,0
2016-08-04,9925.0,9925.0,9925.0,9925.0,9925.0,9925.0,9925.0,9923.125,0
2016-08-05,9925.0,9925.0,9925.0,9925.0,9925.0,9925.0,9925.0,9922.5,0
2016-08-08,9925.0,9925.0,9925.0,9925.0,9925.0,9925.0,9925.0,9921.875,0
2016-08-09,9925.0,9925.0,9925.0,9925.0,9925.0,9925.0,9925.0,9921.458333333334,0
2016-08-10,9925.0,9925.0,9925.0,9925.0,9925.0,9925.0,9925.0,9921.041666666666,0
2016-08-11,9925.0,9925.0,9925.0,9925.0,9925.0,9925.0,9925.0,9920.625,0
2016-08-12,9925.0,9925.0,9925.0,9925.0,9925.0,9925.0,9925.0,9920.0,0
2016-08-16,9925.0,9925.0,9925.0,9925.0,9925.0,9925.0,9925.0,9919.375,0
2016-08-17,9925.0,9925.0,9925.0,9925.0,9925.0,9925.0,9925.0,9918.958333333334,0
2016-08-18,9925.0,9925.0,9925.0,9925.0,9925.0,9925.0,9925.0,9918.541666666666,0
2016-08-19,9925.0,9925.0,9925.0,9925.0,9925.0,9925.0,9925.0,9918.125,0
2016-08-22,10500.0,11425.0,10250.0,10400.0,10020.0,9948.75,9932.916666666666,9921.666666666666,405445
2016-08-23,10300.0,10900.0,10300.0,10900.0,10215.0,9997.5,9949.166666666666,9930.208333333334,108752
2016-08-24,11150.0,11200.0,10975.0,11075.0,10445.0,10055.0,9968.333333333334,9939.583333333334,123968
2016-08-25,11075.0,11125.0,10875.0,11000.0,10660.0,10108.75,9986.25,9948.333333333334,66997
2016-08-26,11000.0,11000.0,10725.0,10825.0,10840.0,10153.75,10001.25,9955.625,37054
2016-08-29,10800.0,11050.0,10675.0,10975.0,10955.0,10206.25,10018.75,9965.625,34772
2016-08-30,11000.0,11075.0,10875.0,11025.0,10980.0,10261.25,10037.083333333334,9975.416666666666,27852
2016-08-31,11100.0,11300.0,11000.0,11000.0,10965.0,10315.0,10055.0,9985.208333333334,50129
2016-09-01,11250.0,13850.0,10800.0,11900.0,11145.0,10413.75,10087.916666666666,10002.291666666666,1018843
2016-09-02,11750.0,11975.0,11025.0,11125.0,11205.0,10473.75,10107.916666666666,10013.125,172624
2016-09-05,11250.0,11425.0,11075.0,11125.0,11235.0,10533.75,10127.916666666666,10023.541666666666,58219
2016-09-06,11125.0,11275.0,11075.0,11100.0,11250.0,10592.5,10147.5,10033.333333333334,42356
2016-09-07,11075.0,11750.0,10925.0,11350.0,11320.0,10663.75,10171.25,10045.208333333334,43116
2016-09-08,11350.0,11750.0,11100.0,11175.0,11175.0,10726.25,10192.083333333334,10056.041666666666,47154
2016-09-09,11175.0,11250.0,11025.0,11225.0,11195.0,10791.25,10213.75,10067.5,31522
2016-09-12,11200.0,11750.0,11125.0,11200.0,11210.0,10855.0,10235.0,10078.75,32398
2016-09-13,11225.0,11225.0,10750.0,10875.0,11165.0,10902.5,10250.833333333334,10087.708333333334,47723
2016-09-19,11000.0,11000.0,10575.0,10750.0,11045.0,10943.75,10264.583333333334,10095.416666666666,30212
2016-09-20,10725.0,10800.0,10525.0,10625.0,10935.0,10978.75,10276.25,10101.458333333334,22412
2016-09-21,10550.0,10600.0,10275.0,10450.0,10780.0,11005.0,10285.0,10105.0,26611
2016-09-22,10450.0,10825.0,10325.0,10575.0,10655.0,11013.75,10295.833333333334,10110.208333333334,30744
2016-09-23,10550.0,10700.0,10300.0,10425.0,10565.0,10990.0,10304.166666666666,10113.958333333334,30793
2016-09-26,10400.0,10475.0,10325.0,10375.0,10490.0,10955.0,10311.666666666666,10117.5,10167
2016-09-27,10375.0,10550.0,10275.0,10350.0,10435.0,10922.5,10318.75,10120.833333333334,9565
2016-09-28,10350.0,10375.0,10250.0,10350.0,10415.0,10898.75,10325.833333333334,10124.166666666666,13921
2016-09-29,10350.0,10350.0,10200.0,10325.0,10365.0,10866.25,10332.5,10127.291666666666,15001
2016-09-30,10325.0,10325.0,10075.0,10125.0,10305.0,10821.25,10335.833333333334,10128.75,17261
2016-10-04,10050.0,10250.0,10050.0,10200.0,10270.0,10781.25,10340.416666666666,10130.833333333334,6693
2016-10-05,10175.0,10225.0,10125.0,10125.0,10225.0,10692.5,10343.75,10132.291666666666,4970
2016-10-06,10100.0,10300.0,10100.0,10275.0,10210.0,10650.0,10349.583333333334,10135.0,5127
2016-10-07,10425.0,10650.0,10350.0,10350.0,10215.0,10611.25,10356.666666666666,10138.333333333334,13161
2016-10-10,10600.0,10750.0,10400.0,10750.0,10340.0,10593.75,10370.416666666666,10145.416666666666,33425
2016-10-11,10750.0,10950.0,10500.0,10925.0,10485.0,10572.5,10387.083333333334,10153.125,40154
2016-10-12,10800.0,10800.0,10500.0,10700.0,10600.0,10548.75,10400.0,10158.958333333334,17902
2016-10-13,10700.0,10700.0,10425.0,10600.0,10665.0,10517.5,10411.25,10165.0,11724
2016-10-14,10450.0,10625.0,10450.0,10625.0,10720.0,10488.75,10422.916666666666,10171.458333333334,7032
2016-10-17,10500.0,10725.0,10500.0,10650.0,10700.0,10477.5,10435.0,10178.541666666666,10277
2016-10-18,10650.0,10650.0,10500.0,10625.0,10640.0,10471.25,10446.666666666666,10185.416666666666,16336
2016-10-19,10575.0,10575.0,10400.0,10475.0,10595.0,10463.75,10455.833333333334,10189.791666666666,10286
2016-10-20,10500.0,10500.0,10350.0,10450.0,10565.0,10463.75,10464.583333333334,10194.166666666666,5529
2016-10-21,10350.0,10375.0,10250.0,10350.0,10510.0,10452.5,10471.666666666666,10198.333333333334,14955
2016-10-24,10300.0,10550.0,10275.0,10275.0,10435.0,10445.0,10477.5,10201.041666666666,9494
2016-10-25,10275.0,10350.0,10200.0,10200.0,10350.0,10436.25,10482.083333333334,10203.541666666666,9855
2016-10-26,10200.0,10275.0,10050.0,10075.0,10270.0,10422.5,10484.583333333334,10204.791666666666,11224
2016-10-27,10025.0,10050.0,10000.0,10000.0,10180.0,10405.0,10485.833333333334,10205.416666666666,12313
2016-10-28,9975.0,10000.0,9800.0,9850.0,10080.0,10381.25,10484.583333333334,10204.791666666666,9886
2016-10-31,9800.0,9800.0,9600.0,9650.0,9955.0,10357.5,10480.0,10202.5,5634
2016-11-01,9650.0,9750.0,9650.0,9700.0,9855.0,10332.5,10476.25,10200.625,3308
2016-11-02,9675.0,9675.0,9550.0,9650.0,9770.0,10308.75,10471.666666666666,10198.333333333334,2879
2016-11-03,9550.0,9700.0,9475.0,9700.0,9710.0,10280.0,10467.916666666666,10196.458333333334,4681
2016-11-04,9675.0,9825.0,9675.0,9825.0,9705.0,10253.75,10466.25,10195.625,1109
2016-11-07,9850.0,9900.0,9825.0,9875.0,9750.0,10210.0,10465.416666666666,10195.208333333334,979
2016-11-08,9850.0,9875.0,9800.0,9825.0,9775.0,10155.0,10463.75,10194.375,2896
2016-11-09,9850.0,9850.0,9525.0,9600.0,9765.0,10100.0,10458.333333333334,10191.666666666666,4047
2016-11-10,9550.0,9800.0,9550.0,9625.0,9750.0,10051.25,10453.333333333334,10189.166666666666,6504
2016-11-11,9750.0,9750.0,9550.0,9625.0,9710.0,10001.25,10448.333333333334,10186.666666666666,2669
2016-11-14,9575.0,9625.0,9550.0,9600.0,9655.0,9948.75,10442.916666666666,10183.958333333334,3153
2016-11-15,9575.0,9575.0,9400.0,9400.0,9570.0,9887.5,10434.166666666666,10179.583333333334,8025
2016-11-16,9325.0,9450.0,9200.0,9200.0,9490.0,9823.75,10422.083333333334,10173.541666666666,8600
2016-11-17,9200.0,9200.0,9100.0,9125.0,9390.0,9757.5,10408.75,10166.875,3889
2016-11-18,9000.0,9000.0,8650.0,8800.0,9225.0,9680.0,10382.083333333334,10157.5,8648
2016-11-21,9050.0,9050.0,8875.0,8975.0,9100.0,9615.0,10350.0,10149.583333333334,2753
2016-11-22,9125.0,9125.0,9000.0,9075.0,9035.0,9558.75,10316.666666666666,10142.5,4689
2016-11-23,9075.0,9125.0,9050.0,9125.0,9020.0,9511.25,10285.416666666666,10135.833333333334,3438
2016-11-24,9225.0,9225.0,9050.0,9175.0,9030.0,9470.0,10257.916666666666,10129.583333333334,4787
2016-11-25,9550.0,9550.0,9025.0,9225.0,9115.0,9438.75,10228.75,10123.75,2634
2016-11-28,9250.0,9625.0,9225.0,9625.0,9245.0,9437.5,10205.416666666666,10121.25,6764
2016-11-29,9675.0,9975.0,9600.0,9850.0,9400.0,9445.0,10186.25,10120.625,16712
2016-11-30,9850.0,9900.0,9775.0,9875.0,9550.0,9456.25,10152.5,10120.208333333334,6810
2016-12-01,9875.0,10000.0,9625.0,9625.0,9640.0,9452.5,10127.5,10117.708333333334,7971
2016-12-02,9875.0,9875.0,9550.0,9850.0,9765.0,9453.75,10106.25,10117.083333333334,1270
2016-12-05,9850.0,9850.0,9475.0,9700.0,9780.0,9445.0,10082.916666666666,10115.208333333334,1751
2016-12-06,9700.0,9700.0,9250.0,9250.0,9660.0,9416.25,10047.916666666666,10109.583333333334,3012
2016-12-07,9250.0,9550.0,9200.0,9550.0,9595.0,9413.75,10020.833333333334,10106.458333333334,5018
2016-12-08,9550.0,9600.0,9425.0,9425.0,9555.0,9403.75,9990.833333333334,10102.291666666666,3268
2016-12-09,9425.0,9625.0,9375.0,9625.0,9510.0,9403.75,9964.583333333334,10099.791666666666,5110
2016-12-12,9725.0,10000.0,9625.0,10000.0,9570.0,9423.75,9950.0,10100.416666666666,10868
2016-12-13,10000.0,10000.0,9600.0,9600.0,9640.0,9433.75,9930.833333333334,10097.708333333334,14801
2016-12-14,9775.0,10000.0,9250.0,9425.0,9615.0,9445.0,9910.833333333334,10093.541666666666,53162
2016-12-15,9600.0,9650.0,9200.0,9225.0,9575.0,9450.0,9890.416666666666,10087.708333333334,41900
2016-12-16,9225.0,9325.0,8900.0,8900.0,9430.0,9455.0,9862.5,10079.166666666666,22173
2016-12-19,8800.0,9225.0,8750.0,8850.0,9200.0,9448.75,9836.25,10070.208333333334,29109
2016-12-20,8825.0,9050.0,8800.0,9025.0,9085.0,9446.25,9813.75,10062.708333333334,14121
2016-12-21,9025.0,9050.0,8825.0,8900.0,8980.0,9435.0,9789.583333333334,10054.166666666666,9809
2016-12-22,9050.0,9050.0,8750.0,8900.0,8915.0,9421.25,9765.416666666666,10045.625,18482
2016-12-23,8925.0,8925.0,8550.0,8625.0,8860.0,9391.25,9737.083333333334,10034.791666666666,16476
2016-12-26,8450.0,8600.0,8250.0,8350.0,8760.0,9327.5,9707.5,10021.666666666666,23146
2016-12-27,8350.0,8550.0,8150.0,8250.0,8605.0,9247.5,9675.0,10007.708333333334,15022
2016-12-28,8250.0,8475.0,8050.0,8125.0,8450.0,9160.0,9641.666666666666,9992.708333333334,17014
2016-12-29,8100.0,8325.0,7950.0,8175.0,8305.0,9087.5,9606.666666666666,9978.125,14658
2017-01-02,8350.0,8350.0,7975.0,8125.0,8205.0,9001.25,9569.583333333334,9963.125,13708
2017-01-03,8200.0,8275.0,7975.0,8150.0,8165.0,8923.75,9526.25,9948.333333333334,30844
2017-01-04,8200.0,8325.0,8050.0,8300.0,8175.0,8876.25,9482.5,9934.791666666666,24437
2017-01-05,8500.0,8525.0,8275.0,8400.0,8230.0,8818.75,9444.166666666666,9922.083333333334,9848
2017-01-06,8375.0,8475.0,8275.0,8425.0,8280.0,8768.75,9407.916666666666,9909.583333333334,8031
2017-01-09,8500.0,8500.0,8325.0,8475.0,8350.0,8711.25,9372.083333333334,9897.5,9863
2017-01-10,8475.0,8475.0,8150.0,8350.0,8390.0,8628.75,9333.75,9884.375,10312
2017-01-11,8250.0,8500.0,8175.0,8350.0,8400.0,8566.25,9295.833333333334,9871.25,8496
2017-01-12,8350.0,10700.0,8350.0,8700.0,8460.0,8530.0,9266.25,9861.041666666666,767041
2017-01-13,8750.0,11300.0,8500.0,10100.0,8795.0,8573.75,9260.416666666666,9862.5,4686660
2017-01-16,10350.0,11325.0,9875.0,10425.0,9185.0,8650.0,9261.666666666666,9866.666666666666,1705280
2017-01-17,10550.0,10750.0,10075.0,10325.0,9580.0,8723.75,9262.5,9870.0,564958
2017-01-18,10225.0,10550.0,9600.0,9700.0,9850.0,8757.5,9254.166666666666,9868.125,1089568
2017-01-19,9750.0,9925.0,9400.0,9775.0,10065.0,8801.25,9249.166666666666,9866.875,382085
2017-01-20,9650.0,9725.0,9275.0,9350.0,9915.0,8823.75,9238.333333333334,9862.083333333334,271301
2017-01-23,9250.0,9375.0,8800.0,8800.0,9590.0,8832.5,9220.833333333334,9852.708333333334,455073
2017-01-24,8800.0,9225.0,8500.0,8525.0,9230.0,8841.25,9202.083333333334,9841.041666666666,419981
2017-01-25,8575.0,8825.0,8375.0,8525.0,8995.0,8855.0,9182.5,9829.375,157222
2017-01-26,8650.0,8950.0,8550.0,8625.0,8765.0,8880.0,9165.416666666666,9818.541666666666,85403
2017-01-31,8625.0,9225.0,8425.0,9075.0,8710.0,8925.0,9155.0,9811.458333333334,258972
2017-02-01,11700.0,11775.0,11675.0,11775.0,9305.0,9107.5,9187.5,9826.875,690746
2017-02-02,11750.0,12650.0,11100.0,12075.0,10015.0,9303.75,9224.166666666666,9844.791666666666,5553341
2017-02-03,11550.0,11625.0,10900.0,11375.0,10585.0,9457.5,9250.0,9856.875,1418739
2017-02-06,11500.0,12150.0,11175.0,11500.0,11160.0,9612.5,9281.666666666666,9870.0,1815600
2017-02-07,12275.0,14125.0,12125.0,12950.0,11935.0,9838.75,9337.083333333334,9895.208333333334,8779708
2017-02-08,12150.0,12425.0,11225.0,11225.0,11825.0,9976.25,9363.75,9906.041666666666,2090072
2017-02-09,11150.0,13525.0,11150.0,12050.0,11820.0,10161.25,9404.583333333334,9923.75,6094341
2017-02-10,11925.0,13475.0,11875.0,12575.0,12060.0,10372.5,9457.5,9945.833333333334,3427144
2017-02-13,12450.0,13175.0,12200.0,12400.0,12240.0,10557.5,9510.833333333334,9966.458333333334,1612481
2017-02-14,12350.0,12800.0,11650.0,11825.0,12015.0,10643.75,9555.833333333334,9982.291666666666,956095
2017-02-15,12150.0,12450.0,11400.0,11500.0,12070.0,10697.5,9600.833333333334,9991.458333333334,1017157
2017-02-16,11575.0,11975.0,11300.0,11875.0,12035.0,10775.0,9649.166666666666,9999.583333333334,703139
2017-02-17,12050.0,12200.0,11375.0,11400.0,11800.0,10860.0,9687.916666666666,10002.291666666666,668690
2017-02-20,11600.0,11750.0,11075.0,11225.0,11565.0,10932.5,9722.916666666666,10004.166666666666,559340
2017-02-21,11275.0,11675.0,11075.0,11675.0,11535.0,11048.75,9764.583333333334,10011.25,950294
2017-02-22,12675.0,13250.0,11800.0,11800.0,11595.0,11198.75,9807.5,10018.125,2477025
2017-02-23,11650.0,11900.0,11475.0,11900.0,11600.0,11367.5,9845.416666666666,10025.416666666666,403223
2017-02-24,11750.0,11900.0,11025.0,11025.0,11525.0,11492.5,9865.0,10025.625,509353
2017-02-27,10950.0,11100.0,10500.0,10650.0,11410.0,11593.75,9877.916666666666,10015.208333333334,332889
2017-02-28,10650.0,10950.0,10475.0,10725.0,11220.0,11676.25,9896.25,10011.875,295111
2017-03-02,10725.0,10900.0,10175.0,10175.0,10895.0,11596.25,9901.666666666666,10003.958333333334,273084
2017-03-03,10075.0,10425.0,9925.0,10225.0,10560.0,11503.75,9910.416666666666,9996.666666666666,252228
2017-03-06,10300.0,10525.0,10000.0,10500.0,10455.0,11460.0,9931.25,9989.583333333334,231015
2017-03-07,10600.0,10725.0,10175.0,10200.0,10365.0,11395.0,9942.083333333334,9981.458333333334,250118
2017-03-08,10200.0,10350.0,10100.0,10175.0,10255.0,11256.25,9954.583333333334,9972.708333333334,106911
2017-03-09,10375.0,12125.0,10375.0,10900.0,10400.0,11240.0,9975.833333333334,9970.208333333334,3897959
2017-03-10,10750.0,10775.0,10000.0,10450.0,10445.0,11160.0,9983.333333333334,9966.666666666666,680564
2017-03-13,10450.0,10675.0,10325.0,10325.0,10410.0,11047.5,9995.416666666666,9963.125,387982
2017-03-14,10400.0,10450.0,10075.0,10225.0,10415.0,10938.75,10008.75,9959.791666666666,264678
2017-03-15,10275.0,10650.0,10050.0,10300.0,10440.0,10862.5,10026.666666666666,9958.541666666666,380608
2017-03-16,10425.0,10550.0,10175.0,10325.0,10325.0,10803.75,10050.416666666666,9956.458333333334,246284
2017-03-17,10225.0,10450.0,10050.0,10150.0,10265.0,10717.5,10072.083333333334,9954.166666666666,212834
2017-03-20,10100.0,10175.0,9900.0,9900.0,10180.0,10642.5,10086.666666666666,9950.208333333334,151504
2017-03-21,9950.0,10025.0,9775.0,9800.0,10095.0,10571.25,10101.666666666666,9945.625,132924
2017-03-22,9775.0,9850.0,9425.0,9500.0,9935.0,10462.5,10111.666666666666,9938.541666666666,204778
2017-03-23,9500.0,10625.0,9450.0,9775.0,9825.0,10361.25,10130.833333333334,9933.958333333334,2159111
2017-03-24,9850.0,9850.0,9275.0,9375.0,9670.0,10235.0,10147.916666666666,9927.708333333334,545874
2017-03-27,9250.0,9275.0,8650.0,8725.0,9435.0,10120.0,10155.833333333334,9915.416666666666,504056
2017-03-28,8675.0,9100.0,8650.0,8925.0,9260.0,10033.75,10169.166666666666,9905.416666666666,313568
2017-03-29,9050.0,9050.0,8775.0,8775.0,9115.0,9936.25,10179.166666666666,9892.916666666666,127731
2017-03-30,8700.0,8750.0,8550.0,8600.0,8880.0,9857.5,10187.083333333334,9878.333333333334,167424
2017-03-31,8550.0,9475.0,8500.0,8800.0,8765.0,9786.25,10197.916666666666,9862.083333333334,600518
2017-04-03,8800.0,9275.0,8650.0,9000.0,8820.0,9711.25,10209.583333333334,9846.041666666666,278428
2017-04-04,8975.0,9075.0,8850.0,9025.0,8840.0,9652.5,10220.0,9832.083333333334,175067
2017-04-05,9000.0,9200.0,8875.0,8925.0,8870.0,9590.0,10228.333333333334,9818.125,118889
2017-04-06,9050.0,9175.0,8800.0,9075.0,8965.0,9498.75,10238.333333333334,9805.208333333334,213303
2017-04-07,9150.0,9325.0,9025.0,9200.0,9045.0,9436.25,10252.5,9793.125,213376
2017-04-10,9175.0,9200.0,8850.0,8900.0,9025.0,9365.0,10261.666666666666,9778.75,162015
2017-04-11,8825.0,9200.0,8775.0,8875.0,8995.0,9297.5,10264.583333333334,9765.416666666666,230365
2017-04-12,9000.0,9850.0,8825.0,9175.0,9045.0,9241.25,10249.166666666666,9754.791666666666,851096
2017-04-13,9200.0,9375.0,9050.0,9050.0,9040.0,9177.5,10226.25,9743.958333333334,238803
2017-04-14,9075.0,9100.0,8575.0,8650.0,8930.0,9102.5,10198.333333333334,9730.416666666666,220125
2017-04-17,8750.0,8925.0,8650.0,8900.0,8930.0,9052.5,10185.0,9719.583333333334,108169
2017-04-18,9025.0,9750.0,8975.0,9575.0,9070.0,9041.25,10181.666666666666,9715.416666666666,1228315
2017-04-19,10425.0,10850.0,9250.0,9250.0,9085.0,9028.75,10180.0,9709.166666666666,1954054
2017-04-20,9150.0,9375.0,9025.0,9050.0,9085.0,8992.5,10184.166666666666,9702.5,359901
2017-04-21,1825.0,1860.0,1785.0,1800.0,7715.0,8613.75,10072.083333333334,9637.083333333334,1549841
2017-04-24,9000.0,9000.0,9000.0,9000.0,7735.0,8627.5,10080.0,9631.25,0
2017-04-25,9000.0,9000.0,9000.0,9000.0,7620.0,8631.25,10086.25,9625.833333333334,0
2017-04-26,9000.0,9000.0,9000.0,9000.0,7570.0,8642.5,10085.0,9620.0,0
2017-04-27,9000.0,9000.0,9000.0,9000.0,7560.0,8662.5,10038.75,9613.125,0
2017-04-28,9000.0,9000.0,9000.0,9000.0,9000.0,8672.5,9987.5,9605.833333333334,0
2017-05-02,9000.0,9000.0,9000.0,9000.0,9000.0,8672.5,9947.916666666666,9598.958333333334,0
2017-05-04,9000.0,9000.0,9000.0,9000.0,9000.0,8671.25,9906.25,9593.958333333334,0
2017-05-08,9000.0,9000.0,9000.0,9000.0,9000.0,8675.0,9840.416666666666,9588.75,0
2017-05-10,9000.0,9000.0,9000.0,9000.0,9000.0,8671.25,9803.333333333334,9583.541666666666,0
2017-05-11,9720.0,10200.0,9300.0,9360.0,9072.0,8679.25,9758.5,9581.541666666666,1425696
2017-05-12,9350.0,9360.0,8790.0,8790.0,9030.0,8673.75,9695.416666666666,9576.458333333334,263769
2017-05-15,8790.0,8790.0,8410.0,8410.0,8912.0,8650.5,9628.916666666666,9569.875,257391
2017-05-16,8280.0,8480.0,8030.0,8110.0,8734.0,8597.25,9567.0,9561.416666666666,159338
2017-05-17,8110.0,8300.0,8110.0,8150.0,8564.0,8552.25,9511.166666666666,9556.0,102536
2017-05-18,8140.0,8140.0,7920.0,7960.0,8284.0,8517.75,9445.916666666666,9547.541666666666,148240
2017-05-19,8000.0,8100.0,7760.0,7760.0,8078.0,8460.75,9385.25,9536.583333333334,183586
2017-05-22,7790.0,7920.0,7370.0,7710.0,7938.0,8367.5,9326.666666666666,9524.791666666666,112143
2017-05-23,7790.0,7790.0,7650.0,7650.0,7846.0,8287.5,9259.583333333334,9512.083333333334,79851
2017-05-24,7750.0,7900.0,7700.0,7720.0,7760.0,8221.0,9191.583333333334,9499.541666666666,105756
2017-05-25,7750.0,7780.0,7590.0,7630.0,7694.0,8512.5,9120.416666666666,9482.916666666666,58337
2017-05-26,7610.0,7610.0,7400.0,7450.0,7632.0,8435.0,9060.833333333334,9462.916666666666,127491
2017-05-29,7400.0,7490.0,7120.0,7130.0,7516.0,8341.5,9002.166666666666,9440.041666666666,184935
2017-05-30,7210.0,8650.0,7150.0,7600.0,7506.0,8271.5,8950.083333333334,9423.166666666666,2351761
2017-05-31,7560.0,7700.0,7490.0,7540.0,7470.0,8198.5,8906.166666666666,9403.916666666666,186663
2017-06-01,7540.0,9440.0,7530.0,8490.0,7642.0,8173.0,8877.25,9393.833333333334,5255393
2017-06-02,8340.0,8370.0,8110.0,8150.0,7782.0,8130.5,8838.083333333334,9384.666666666666,680275
2017-06-05,8110.0,8320.0,8010.0,8050.0,7966.0,8083.0,8802.25,9372.166666666666,309620
2017-06-07,8070.0,8850.0,8070.0,8400.0,8126.0,8053.0,8772.666666666666,9363.625,1297352
2017-06-08,8330.0,8510.0,8320.0,8410.0,8300.0,8023.5,8731.166666666666,9353.5,220101
2017-06-09,8500.0,8620.0,8300.0,8340.0,8270.0,7972.5,8696.0,9339.666666666666,295972
2017-06-12,8300.0,8530.0,8140.0,8530.0,8346.0,7959.5,8666.083333333334,9330.75,141490
2017-06-13,8520.0,8740.0,8420.0,8470.0,8430.0,7962.5,8636.833333333334,9322.791666666666,338178
2017-06-14,8490.0,8490.0,8250.0,8270.0,8404.0,7970.5,8603.0,9314.833333333334,101978
2017-06-15,8290.0,8340.0,8170.0,8230.0,8368.0,7974.5,8568.083333333334,9309.25,87604
2017-06-16,8120.0,8280.0,8110.0,8120.0,8324.0,7982.5,8534.25,9303.166666666666,76458
2017-06-19,8250.0,8480.0,8160.0,8270.0,8272.0,8008.0,8507.083333333334,9296.875,126773
2017-06-20,8310.0,8380.0,8100.0,8100.0,8198.0,8027.5,8478.75,9290.208333333334,81003
2017-06-21,8160.0,8350.0,8090.0,8100.0,8164.0,8050.0,8455.416666666666,9283.541666666666,104868
2017-06-22,8070.0,8220.0,8070.0,8100.0,8138.0,8069.0,8427.5,9279.166666666666,51534
2017-06-23,8250.0,8250.0,8050.0,8050.0,8124.0,8090.0,8405.416666666666,9276.666666666666,50334
2017-06-26,8060.0,8180.0,7990.0,8060.0,8082.0,8120.5,8394.333333333334,9275.083333333334,73663
2017-06-27,8130.0,8460.0,8050.0,8330.0,8128.0,8180.5,8384.416666666666,9276.791666666666,159123
2017-06-28,8310.0,8550.0,8210.0,8250.0,8158.0,8213.0,8375.666666666666,9277.416666666666,163548
2017-06-29,8300.0,8390.0,8190.0,8250.0,8188.0,8248.5,8369.833333333334,9278.458333333334,52861
2017-06-30,8250.0,8310.0,8140.0,8140.0,8206.0,8231.0,8358.833333333334,9278.375,54937
2017-07-03,8190.0,8190.0,8030.0,8180.0,8230.0,8232.5,8345.166666666666,9277.375,66002
2017-07-04,8220.0,8220.0,8040.0,8050.0,8174.0,8232.5,8328.916666666666,9274.458333333334,52313
2017-07-05,8020.0,8110.0,7960.0,7970.0,8118.0,8211.0,8313.0,9270.666666666666,61168
2017-07-06,7990.0,8250.0,7990.0,8050.0,8078.0,8193.0,8295.916666666666,9267.125,35731
2017-07-07,8010.0,8110.0,7960.0,8030.0,8056.0,8177.5,8276.416666666666,9264.458333333334,26732
2017-07-10,8030.0,8200.0,7990.0,8040.0,8028.0,8153.0,8262.083333333334,9261.875,41082
2017-07-11,8040.0,8120.0,7990.0,8040.0,8026.0,8131.5,8248.166666666666,9256.375,38789
2017-07-12,8010.0,8100.0,7970.0,7980.0,8028.0,8117.0,8228.25,9238.708333333334,38013
2017-07-13,7980.0,8140.0,7980.0,8030.0,8024.0,8107.0,8211.25,9218.75,25273
2017-07-14,8070.0,8070.0,7900.0,7900.0,7998.0,8096.0,8198.75,9198.541666666666,53427
2017-07-17,7850.0,8000.0,7820.0,7830.0,7956.0,8074.0,8180.916666666667,9182.958333333334,42554
2017-07-18,7840.0,7890.0,7590.0,7610.0,7870.0,8049.5,8148.166666666667,9164.916666666666,60679
2017-07-19,7610.0,7700.0,7530.0,7620.0,7798.0,8025.5,8121.0,9150.5,57437
2017-07-20,7700.0,7700.0,7520.0,7590.0,7710.0,8000.0,8096.666666666667,9140.416666666666,34039
2017-07-21,7590.0,7690.0,7560.0,7690.0,7668.0,7982.0,8194.833333333334,9133.458333333334,34910
2017-07-24,7660.0,7780.0,7540.0,7600.0,7622.0,7959.0,8171.5,9125.75,48491
2017-07-25,7600.0,7730.0,7520.0,7570.0,7614.0,7921.0,8147.666666666667,9116.958333333334,44280
2017-07-26,7580.0,7640.0,7420.0,7500.0,7590.0,7883.5,8122.666666666667,9103.833333333334,42672
2017-07-27,7480.0,7540.0,7380.0,7390.0,7550.0,7840.5,8095.833333333333,9067.291666666666,26221
2017-07-28,7290.0,7390.0,7240.0,7250.0,7462.0,7796.0,8066.666666666667,9027.083333333334,33206
2017-07-31,7310.0,7420.0,7130.0,7230.0,7388.0,7748.5,8037.166666666667,8992.541666666666,34451
2017-08-01,7230.0,7360.0,7160.0,7360.0,7346.0,7714.0,8009.833333333333,8958.041666666666,28144
2017-08-02,7470.0,9350.0,7370.0,7810.0,7408.0,7706.0,7990.0,8915.208333333334,3620876
2017-08-03,7790.0,7830.0,7530.0,7650.0,7460.0,7686.0,7967.5,8885.416666666666,321332
2017-08-04,7750.0,8830.0,7720.0,8120.0,7634.0,7690.5,7946.833333333333,8852.666666666666,2772894
2017-08-07,8210.0,8260.0,8020.0,8250.0,7838.0,7701.0,7937.833333333333,8816.625,300543
2017-08-08,8410.0,9200.0,8300.0,8300.0,8026.0,7714.0,7936.0,8782.458333333334,1303919
2017-08-09,8180.0,8450.0,8110.0,8270.0,8118.0,7728.5,7938.666666666667,8752.833333333334,265650
2017-08-10,8220.0,8570.0,7940.0,8080.0,8204.0,7731.0,7937.5,8724.333333333334,294949
2017-08-11,7960.0,8330.0,7850.0,8100.0,8200.0,7741.0,7939.833333333333,8692.875,206063
2017-08-14,8210.0,8950.0,7900.0,8250.0,8200.0,7762.0,7948.0,8666.625,1096835
2017-08-16,8400.0,8680.0,8220.0,8250.0,8190.0,7794.0,7957.0,8641.833333333334,266404
2017-08-17,8380.0,8380.0,8210.0,8300.0,8196.0,7828.0,7967.833333333333,8613.708333333334,139979
2017-08-18,8220.0,8300.0,8070.0,8150.0,8210.0,7856.0,7975.0,8583.291666666666,142160
2017-08-21,8150.0,8560.0,8100.0,8450.0,8280.0,7894.0,7988.666666666667,8554.541666666666,316066
2017-08-22,8410.0,8560.0,8330.0,8390.0,8308.0,7933.5,8004.333333333333,8532.583333333334,194451
2017-08-23,8450.0,9390.0,8400.0,8650.0,8388.0,7987.5,8029.666666666667,8515.916666666666,2172282
2017-08-24,8750.0,8940.0,8670.0,8800.0,8488.0,8052.5,8049.666666666667,8499.875,288697
2017-08-25,8890.0,8990.0,8710.0,8890.0,8636.0,8127.5,8072.166666666667,8489.166666666666,258104
2017-08-28,8810.0,9320.0,8730.0,9320.0,8810.0,8231.0,8086.0,8481.625,778030
2017-08-29,9600.0,10500.0,9510.0,10100.0,9152.0,8374.5,8118.5,8478.291666666666,2791656
2017-08-30,10000.0,10500.0,9930.0,10250.0,9472.0,8519.0,8155.166666666667,8478.708333333334,674180
2017-08-31,10700.0,10950.0,10450.0,10550.0,9822.0,8656.0,8191.0,8481.833333333334,694538
2017-09-01,10400.0,10950.0,10400.0,10800.0,10204.0,8813.5,8230.833333333334,8481.0,289221
2017-09-04,10800.0,10800.0,10800.0,10800.0,10500.0,8947.5,8271.833333333334,8483.916666666666,0
2017-09-05,11000.0,11000.0,10200.0,10400.0,10560.0,9055.0,8303.0,8484.541666666666,371520
2017-09-06,10400.0,11550.0,10250.0,11550.0,10820.0,9217.5,8354.333333333334,8495.583333333334,555052
2017-09-07,11600.0,13800.0,11250.0,12400.0,11190.0,9424.0,8423.166666666666,8513.083333333334,2860073
2017-09-08,12600.0,13450.0,12550.0,12950.0,11620.0,9667.5,8501.833333333334,8534.958333333334,904045
2017-09-11,13400.0,13650.0,12350.0,12900.0,12040.0,9907.5,8581.5,8557.875,692036
2017-09-12,13200.0,13700.0,12800.0,12950.0,12550.0,10142.5,8659.5,8583.291666666666,652116
2017-09-13,13350.0,13400.0,12950.0,13150.0,12870.0,10387.5,8743.666666666666,8611.208333333334,321721
2017-09-14,13300.0,13750.0,13150.0,13500.0,13090.0,10647.5,8833.666666666666,8644.541666666666,469212
2017-09-15,13650.0,17550.0,13400.0,17550.0,14010.0,11117.5,8991.166666666666,8709.333333333334,4088491
2017-09-18,19650.0,22050.0,18550.0,20000.0,15430.0,11695.0,9190.333333333334,8797.875,5919047
2017-09-19,20400.0,20950.0,17900.0,18700.0,16580.0,12210.5,9367.666666666666,8881.0,3084018
2017-09-20,18600.0,20400.0,17550.0,18000.0,17550.0,12678.0,9528.833333333334,8956.625,3830811
2017-09-21,18750.0,19600.0,17900.0,18250.0,18500.0,13150.5,9695.5,9035.583333333334,1516397
2017-09-25,16650.0,17400.0,15500.0,15950.0,18180.0,13503.5,9823.833333333334,9096.833333333334,1272452
2017-09-26,15950.0,15950.0,15950.0,15950.0,17370.0,13835.0,9954.0,9156.416666666666,0
2017-09-27,15700.0,16550.0,15350.0,15450.0,16720.0,14102.5,10075.166666666666,9210.166666666666,1320971
2017-09-28,16300.0,16750.0,15450.0,16100.0,16340.0,14395.0,10209.333333333334,9269.125,854740
2017-09-29,15900.0,16450.0,15750.0,16300.0,15950.0,14682.5,10348.166666666666,9330.583333333334,528064
2017-10-10,17300.0,17700.0,16400.0,16600.0,16080.0,14972.5,10490.666666666666,9393.291666666666,862357
2017-10-11,16550.0,17050.0,16400.0,16750.0,16240.0,15270.0,10636.0,9456.208333333334,468053
2017-10-12,17000.0,17050.0,16200.0,16400.0,16430.0,15570.0,10775.333333333334,9518.708333333334,410298
2017-10-13,16400.0,16450.0,14950.0,15150.0,16240.0,15750.0,10893.833333333334,9571.0,632480
2017-10-16,15350.0,15350.0,14600.0,15150.0,16010.0,15887.5,11013.333333333334,9620.791666666666,345314
2017-10-17,15200.0,15750.0,14800.0,14900.0,15670.0,15985.0,11127.833333333334,9669.541666666666,468760
2017-10-18,14800.0,14900.0,13600.0,13900.0,15100.0,16035.0,11227.833333333334,9713.291666666666,783311
2017-10-19,14100.0,14550.0,13400.0,13900.0,14600.0,16082.5,11329.0,9754.958333333334,658407
2017-10-20,13950.0,14550.0,13700.0,14400.0,14450.0,16145.0,11442.166666666666,9795.166666666666,531530
2017-10-23,14550.0,14650.0,13700.0,14550.0,14330.0,16197.5,11557.666666666666,9839.333333333334,474262
2017-10-24,14550.0,15800.0,14250.0,14950.0,14340.0,16067.5,11680.333333333334,9888.5,1299044
2017-10-25,15000.0,15150.0,14100.0,14200.0,14400.0,15777.5,11788.833333333334,9991.833333333334,499185
2017-10-26,14300.0,14450.0,13550.0,13550.0,14330.0,15520.0,11888.0,10029.75,593219
2017-10-27,13650.0,13900.0,13450.0,13450.0,14140.0,15292.5,11986.0,10066.833333333334,268292
2017-10-30,13550.0,13950.0,13150.0,13150.0,13860.0,15037.5,12080.166666666666,10101.416666666666,375141
2017-10-31,13200.0,13900.0,12900.0,13900.0,13650.0,14935.0,12188.666666666666,10142.25,381421
2017-11-01,14000.0,14100.0,13650.0,14000.0,13610.0,14837.5,12301.166666666666,10183.916666666666,286644
2017-11-02,14100.0,14350.0,13650.0,14100.0,13720.0,14770.0,12415.666666666666,10226.416666666666,347274
2017-11-03,14200.0,15250.0,13900.0,14950.0,14020.0,14712.5,12542.166666666666,10276.0,1260617
2017-11-06,14750.0,15400.0,14600.0,15050.0,14400.0,14650.0,12662.833333333334,10326.416666666666,593022
2017-11-07,15250.0,15250.0,14500.0,14600.0,14540.0,14550.0,12778.666666666666,10373.083333333334,355981
2017-11-08,14500.0,14500.0,13800.0,13950.0,14530.0,14410.0,12875.833333333334,10411.333333333334,377083
2017-11-09,13950.0,14600.0,13950.0,14400.0,14590.0,14310.0,12978.333333333334,10458.083333333334,389785
2017-11-10,14500.0,14800.0,14400.0,14550.0,14510.0,14280.0,13082.5,10509.25,180010
2017-11-13,14600.0,15050.0,14250.0,14700.0,14440.0,14257.5,13189.666666666666,10564.166666666666,417900
2017-11-14,15100.0,15150.0,14600.0,14650.0,14450.0,14245.0,13299.166666666666,10618.333333333334,406438
2017-11-15,14650.0,14650.0,13750.0,13850.0,14430.0,14242.5,13395.0,10667.416666666666,457071
2017-11-16,13950.0,14300.0,13850.0,14000.0,14350.0,14247.5,13490.833333333334,10719.416666666666,185844
2017-11-17,13950.0,15000.0,13950.0,14600.0,14360.0,14257.5,13596.666666666666,10776.833333333334,560151
2017-11-20,14700.0,14900.0,14300.0,14650.0,14350.0,14262.5,13702.5,10835.166666666666,328921
2017-11-21,14800.0,14850.0,14400.0,14850.0,14390.0,14257.5,13814.166666666666,10894.583333333334,529333
2017-11-22,15200.0,19300.0,15150.0,19300.0,15480.0,14512.5,13995.0,10991.833333333334,4093210
2017-11-23,21700.0,22200.0,17300.0,17550.0,16190.0,14712.5,14147.666666666666,11076.0,7382140
2017-11-24,17850.0,18300.0,17050.0,17050.0,16680.0,14892.5,14287.666666666666,11158.666666666666,2120283
2017-11-27,17300.0,17450.0,16250.0,16550.0,17060.0,15062.5,14416.833333333334,11233.25,1316543
2017-11-28,16850.0,18500.0,15750.0,16000.0,17290.0,15167.5,14535.333333333334,11303.75,4757981
2017-11-29,16150.0,16650.0,15250.0,16250.0,16680.0,15280.0,14650.833333333334,11368.416666666666,1157508
2017-11-30,16500.0,17350.0,15550.0,15650.0,16300.0,15357.5,14743.333333333334,11430.916666666666,1443520
2017-12-01,16000.0,16650.0,15850.0,16650.0,16220.0,15442.5,14850.0,11502.583333333334,868434
2017-12-04,16800.0,17650.0,16650.0,16950.0,16300.0,15537.5,14956.666666666666,11573.833333333334,1285999
2017-12-05,17000.0,17100.0,16050.0,16050.0,16310.0,15610.0,15044.166666666666,11637.5,559716
2017-12-06,16250.0,16300.0,15500.0,15600.0,16180.0,15692.5,15124.166666666666,11698.0,378767
2017-12-07,15400.0,15650.0,14100.0,14550.0,15960.0,15700.0,15193.333333333334,11748.166666666666,622113
2017-12-08,14700.0,14900.0,14150.0,14250.0,15480.0,15685.0,15238.333333333334,11796.333333333334,238117
2017-12-11,14300.0,14700.0,14100.0,14400.0,14970.0,15670.0,15271.666666666666,11847.416666666666,250814
2017-12-12,14450.0,17500.0,14450.0,15300.0,14820.0,15702.5,15310.833333333334,11906.333333333334,4753633
2017-12-13,15200.0,15750.0,14900.0,15600.0,14820.0,15790.0,15355.833333333334,11968.666666666666,685372
2017-12-14,15900.0,16550.0,15500.0,15500.0,15010.0,15865.0,15398.333333333334,12028.916666666666,966221
2017-12-15,15750.0,17600.0,15600.0,16300.0,15420.0,15950.0,15450.833333333334,12097.25,2890221
2017-12-18,16600.0,16650.0,16050.0,16300.0,15800.0,16032.5,15497.5,12165.583333333334,510750
2017-12-19,16300.0,17150.0,15700.0,15900.0,15920.0,16085.0,15470.0,12230.583333333334,1344901
2017-12-21,15800.0,16550.0,15450.0,16100.0,16020.0,15925.0,15405.0,12297.666666666666,756869
2017-12-22,16000.0,16350.0,15550.0,15600.0,16040.0,15827.5,15353.333333333334,12360.5,515776
2017-12-26,15700.0,15900.0,14400.0,14400.0,15660.0,15695.0,15293.333333333334,12411.083333333334,494957
2017-12-27,14550.0,15050.0,14450.0,14750.0,15350.0,15605.0,15235.0,12465.25,221581
2017-12-28,15100.0,15200.0,14650.0,14750.0,15120.0,15542.5,15215.0,12519.416666666666,215792
2018-01-02,14900.0,15100.0,14700.0,15100.0,14920.0,15485.0,15200.833333333334,12577.416666666666,157946
2018-01-03,15300.0,16100.0,15100.0,15750.0,14950.0,15490.0,15205.833333333334,12640.5,638523
2018-01-04,15950.0,16250.0,15400.0,15800.0,15230.0,15447.5,15200.833333333334,12705.083333333334,560563
2018-01-05,16000.0,16400.0,15550.0,15700.0,15420.0,15385.0,15190.833333333334,12769.5,596161
2018-01-08,15850.0,16050.0,15300.0,15350.0,15540.0,15350.0,15170.0,12830.333333333334,252576
2018-01-09,15450.0,15550.0,14800.0,14950.0,15510.0,15317.5,15140.0,12888.0,271238
2018-01-10,14850.0,15050.0,14800.0,14850.0,15330.0,15332.5,15114.166666666666,12944.75,159514
2018-01-11,14950.0,14950.0,14550.0,14700.0,15110.0,15355.0,15106.666666666666,13000.25,173039
2018-01-12,14700.0,15550.0,14700.0,14900.0,14950.0,15380.0,15102.5,13057.916666666666,265779
2018-01-15,14900.0,15250.0,14300.0,15050.0,14890.0,15367.5,15105.0,13116.416666666666,384353
2018-01-16,15150.0,15600.0,14950.0,15600.0,15020.0,15367.5,15133.333333333334,13180.583333333334,276974
2018-01-17,15650.0,15650.0,15100.0,15200.0,15090.0,15352.5,15155.0,13242.0,215569
2018-01-18,15300.0,16100.0,15200.0,15750.0,15300.0,15325.0,15177.5,13309.833333333334,458198
2018-01-19,15950.0,16800.0,15650.0,15900.0,15500.0,15305.0,15200.0,13378.833333333334,810527
2018-01-22,15950.0,15950.0,15400.0,15550.0,15600.0,15287.5,15210.0,13445.166666666666,189365
2018-01-23,15550.0,15750.0,15300.0,15700.0,15620.0,15267.5,15235.0,13511.916666666666,195904
2018-01-24,15700.0,16000.0,15500.0,15850.0,15750.0,15280.0,15273.333333333334,13580.666666666666,257142
2018-01-25,16100.0,16750.0,15950.0,16700.0,15940.0,15395.0,15327.5,13656.75,943194
2018-01-26,17050.0,17300.0,16350.0,16550.0,16070.0,15485.0,15384.166666666666,13732.166666666666,613204
2018-01-29,16700.0,16950.0,16150.0,16900.0,16340.0,15592.5,15434.166666666666,13811.416666666666,467952
2018-01-30,17150.0,17150.0,16250.0,16650.0,16530.0,15670.0,15478.333333333334,13889.75,349113
2018-01-31,16850.0,18800.0,16600.0,16800.0,16720.0,15722.5,15523.333333333334,13969.5,4418010
2018-02-01,17050.0,17050.0,16400.0,16700.0,16720.0,15767.5,15552.5,14047.333333333334,765660
2018-02-02,17600.0,17950.0,16500.0,17200.0,16850.0,15842.5,15588.333333333334,14125.583333333334,1169444
2018-02-05,16500.0,16600.0,15900.0,15900.0,16650.0,15870.0,15610.0,14194.333333333334,429968
2018-02-06,14900.0,15550.0,14700.0,15500.0,16420.0,15897.5,15635.833333333334,14255.833333333334,408465
2018-02-07,15750.0,15800.0,14300.0,14300.0,15920.0,15870.0,15634.166666666666,14306.25,351414
2018-02-08,14050.0,14700.0,13900.0,14500.0,15480.0,15860.0,15633.333333333334,14357.916666666666,185283
2018-02-09,14000.0,14300.0,13800.0,14000.0,14840.0,15815.0,15621.666666666666,14405.666666666666,199275
2018-02-12,14200.0,15100.0,13550.0,13650.0,14390.0,15745.0,15605.0,14452.083333333334,413251
2018-02-13,13900.0,13950.0,13600.0,13650.0,14020.0,15647.5,15601.666666666666,14498.333333333334,135279
2018-02-14,13600.0,14950.0,13500.0,14400.0,14040.0,15607.5,15608.333333333334,14549.583333333334,304530
2018-02-19,14400.0,14650.0,14150.0,14400.0,14020.0,15540.0,15605.0,14600.833333333334,115752
2018-02-20,14450.0,15050.0,14450.0,14500.0,14120.0,15470.0,15602.5,14652.5,165808
2018-02-21,14700.0,14700.0,14450.0,14650.0,14320.0,15425.0,15599.166666666666,14706.666666666666,89446
2018-02-22,14550.0,14700.0,14300.0,14400.0,14470.0,15360.0,15517.5,14756.25,69526
2018-02-23,14250.0,14950.0,14250.0,14800.0,14550.0,15307.5,15471.666666666666,14809.666666666666,108195
2018-02-26,14850.0,15150.0,14350.0,14450.0,14560.0,15195.0,15428.333333333334,14858.0,138873
2018-02-27,14550.0,15050.0,14400.0,14950.0,14650.0,15115.0,15401.666666666666,14909.25,133339
2018-02-28,14850.0,16700.0,14800.0,15650.0,14850.0,15052.5,15395.833333333334,14965.583333333334,1965727
2018-03-02,15900.0,15900.0,14750.0,14900.0,14950.0,14965.0,15373.333333333334,15012.083333333334,478285
2018-03-05,14850.0,15300.0,14100.0,14150.0,14820.0,14832.5,15348.333333333334,15045.833333333334,293664
2018-03-06,14250.0,14400.0,13850.0,14150.0,14760.0,14705.0,15306.666666666666,15078.333333333334,161083
2018-03-07,14250.0,14650.0,14100.0,14100.0,14590.0,14550.0,15259.166666666666,15107.916666666666,157507
2018-03-08,14450.0,15500.0,14300.0,14550.0,14370.0,14482.5,15234.166666666666,15139.166666666666,297833
2018-03-09,14650.0,15000.0,14400.0,14800.0,14350.0,14447.5,15220.833333333334,15172.5,176723
2018-03-12,15000.0,15050.0,14600.0,14850.0,14490.0,14475.0,15225.833333333334,15209.583333333334,129501
2018-03-13,14750.0,14850.0,14600.0,14750.0,14610.0,14487.5,15234.166666666666,15236.25,74325
2018-03-14,14550.0,14650.0,14350.0,14500.0,14690.0,14512.5,15235.833333333334,15253.75,76791
2018-03-15,14400.0,14500.0,14250.0,14450.0,14670.0,14552.5,15221.666666666666,15266.25,69007
2018-03-16,14600.0,14600.0,14250.0,14400.0,14590.0,14590.0,15201.666666666666,15278.75,97957
2018-03-19,14400.0,14450.0,14050.0,14250.0,14470.0,14582.5,15180.833333333334,15289.583333333334,71133
2018-03-20,14100.0,14600.0,14050.0,14250.0,14370.0,14575.0,15146.666666666666,15298.75,68109
2018-03-21,14250.0,14800.0,14200.0,14800.0,14430.0,14590.0,15121.666666666666,15309.583333333334,141311
2018-03-22,14900.0,14950.0,14150.0,14200.0,14380.0,14567.5,15093.333333333334,15281.666666666666,140139
2018-03-23,13900.0,14500.0,13600.0,13700.0,14240.0,14532.5,15053.333333333334,15229.166666666666,171899
2018-03-26,13850.0,13900.0,13200.0,13600.0,14110.0,14472.5,15020.0,15186.666666666666,96162
2018-03-27,14250.0,14400.0,14000.0,14300.0,14120.0,14465.0,15018.333333333334,15155.833333333334,167504
2018-03-28,14150.0,14350.0,13550.0,13900.0,13940.0,14412.5,15004.166666666666,15119.583333333334,70547
2018-03-29,14050.0,14800.0,13850.0,14350.0,13970.0,14347.5,14997.5,15106.25,194991
2018-03-30,14450.0,14650.0,14400.0,14400.0,14110.0,14322.5,14985.833333333334,15093.333333333334,78403
2018-04-02,14450.0,14700.0,14250.0,14500.0,14290.0,14340.0,14965.0,15085.416666666666,90983
2018-04-03,14150.0,14550.0,14000.0,14450.0,14320.0,14355.0,14942.5,15071.666666666666,66396
2018-04-04,14350.0,14500.0,13800.0,13950.0,14330.0,14347.5,14913.333333333334,15052.083333333334,107747
2018-04-05,13950.0,14300.0,13850.0,14000.0,14260.0,14320.0,14890.833333333334,15030.416666666666,98668
2018-04-06,14300.0,14750.0,14150.0,14250.0,14230.0,14292.5,14879.166666666666,15009.583333333334,178078
2018-04-09,14200.0,14350.0,13950.0,14100.0,14150.0,14255.0,14866.666666666666,14990.416666666666,85130
2018-04-10,14200.0,14200.0,13900.0,14150.0,14090.0,14225.0,14857.5,14982.083333333334,69897
2018-04-11,14200.0,14400.0,14000.0,14350.0,14170.0,14217.5,14848.333333333334,14975.416666666666,89129
2018-04-12,14200.0,14550.0,14200.0,14550.0,14280.0,14222.5,14840.0,14972.5,130474
2018-04-13,14750.0,14800.0,14450.0,14450.0,14320.0,14225.0,14820.833333333334,14977.083333333334,109127
2018-04-16,14750.0,14750.0,14200.0,14400.0,14380.0,14232.5,14807.5,14981.25,104029
2018-04-17,14450.0,14650.0,14300.0,14450.0,14440.0,14242.5,14785.833333333334,14981.666666666666,101393
2018-04-18,14550.0,14700.0,14300.0,14450.0,14460.0,14225.0,14761.666666666666,14980.833333333334,100443
2018-04-19,14550.0,14550.0,13950.0,14000.0,14350.0,14215.0,14735.833333333334,14972.916666666666,149888
2018-04-20,13950.0,14250.0,13900.0,14000.0,14260.0,14230.0,14707.5,14971.25,74771
2018-04-23,14100.0,14250.0,13850.0,14000.0,14180.0,14250.0,14676.666666666666,14975.0,118217
2018-04-24,14000.0,14150.0,13850.0,13850.0,14060.0,14227.5,14629.166666666666,14978.333333333334,75276
2018-04-25,13750.0,14000.0,13400.0,13500.0,13870.0,14207.5,14578.333333333334,14981.25,126687
2018-04-26,13500.0,13600.0,13050.0,13200.0,13710.0,14150.0,14516.666666666666,14975.416666666666,119760
2018-04-27,13200.0,13400.0,13050.0,13050.0,13520.0,14082.5,14456.666666666666,14967.5,69568
2018-04-30,13500.0,13600.0,12050.0,12050.0,13130.0,13960.0,14377.5,14950.416666666666,239955
2018-05-02,12100.0,12200.0,11000.0,11300.0,12620.0,13802.5,14287.5,14920.0,283056
2018-05-03,11300.0,11850.0,11300.0,11650.0,12250.0,13687.5,14195.0,14891.666666666666,95186
2018-05-04,11700.0,11700.0,11100.0,11350.0,11880.0,13555.0,14119.166666666666,14864.583333333334,93891
2018-05-08,11650.0,11650.0,10600.0,10800.0,11430.0,13382.5,14040.833333333334,14838.333333333334,94172
2018-05-09,10600.0,11150.0,10550.0,11000.0,11220.0,13227.5,13985.833333333334,14810.0,99515
2018-05-10,11100.0,11400.0,11000.0,11350.0,11230.0,13087.5,13933.333333333334,14783.333333333334,75232
2018-05-11,11350.0,11550.0,11250.0,11500.0,11200.0,12945.0,13891.666666666666,14756.666666666666,50242
2018-05-14,11500.0,11650.0,11000.0,11200.0,11170.0,12777.5,13850.833333333334,14727.916666666666,81205
2018-05-15,11250.0,11400.0,11200.0,11200.0,11250.0,12615.0,13810.0,14705.833333333334,54472
2018-05-16,11450.0,13850.0,11150.0,12700.0,11590.0,12530.0,13781.666666666666,14695.0,1465521
2018-05-17,12850.0,13100.0,12150.0,12650.0,11850.0,12440.0,13752.5,14678.75,446235
2018-05-18,12600.0,12600.0,12000.0,12000.0,11950.0,12317.5,13710.833333333334,14656.666666666666,237676
2018-05-21,12000.0,12000.0,11600.0,11700.0,12050.0,12202.5,13661.666666666666,14630.416666666666,199615
2018-05-23,11800.0,12800.0,11600.0,12050.0,12220.0,12105.0,13622.5,14570.0,276905
2018-05-24,12200.0,12600.0,12050.0,12400.0,12160.0,12025.0,13582.5,14527.083333333334,274668
2018-05-25,12300.0,12350.0,11750.0,12050.0,12040.0,11935.0,13542.5,14485.416666666666,106742
2018-05-28,11900.0,12000.0,11500.0,11600.0,11960.0,11840.0,13486.666666666666,14444.166666666666,125375
2018-05-29,11600.0,13000.0,11500.0,12200.0,12060.0,11790.0,13429.166666666666,14412.5,747817
2018-05-30,12000.0,12050.0,11500.0,11500.0,11950.0,11712.5,13372.5,14372.916666666666,156260
2018-05-31,11650.0,11750.0,11150.0,11500.0,11770.0,11685.0,13328.333333333334,14338.333333333334,96200
2018-06-01,11350.0,11950.0,11250.0,11850.0,11730.0,11712.5,13290.0,14298.333333333334,72255
2018-06-04,11800.0,12150.0,11550.0,11850.0,11780.0,11722.5,13252.5,14255.833333333334,106675
2018-06-05,11850.0,11900.0,11550.0,11600.0,11660.0,11735.0,13203.333333333334,14218.75,61429
2018-06-07,11600.0,11900.0,11500.0,11750.0,11710.0,11782.5,13152.5,14186.666666666666,41265
2018-06-08,11600.0,11800.0,11450.0,11450.0,11700.0,11805.0,13095.833333333334,14160.833333333334,55685
2018-06-11,11350.0,11700.0,11300.0,11350.0,11600.0,11805.0,13039.166666666666,14136.666666666666,56029
2018-06-12,11350.0,11400.0,10600.0,11100.0,11450.0,11785.0,12982.5,14109.166666666666,104841
2018-06-14,11100.0,11100.0,10750.0,10850.0,11300.0,11767.5,12922.5,14072.083333333334,54487
2018-06-15,10900.0,11100.0,10600.0,11000.0,11150.0,11757.5,12865.833333333334,14033.75,83068
2018-06-18,10900.0,11450.0,10600.0,10700.0,11000.0,11657.5,12806.666666666666,13993.75,102187
2018-06-19,10550.0,10850.0,10000.0,10000.0,10730.0,11525.0,12735.833333333334,13941.25,82201
2018-06-20,9820.0,10450.0,9600.0,10300.0,10570.0,11440.0,12660.833333333334,13891.25,87888
2018-06-21,10300.0,11150.0,10300.0,10550.0,10510.0,11382.5,12600.0,13846.666666666666,84398
2018-06-22,10550.0,11000.0,10300.0,10700.0,10450.0,11315.0,12550.0,13801.666666666666,53305
2018-06-25,10650.0,11200.0,10650.0,10750.0,10460.0,11232.5,12502.5,13761.25,39392
2018-06-26,10650.0,10900.0,10450.0,10900.0,10640.0,11175.0,12445.833333333334,13732.083333333334,39801
2018-06-27,10900.0,11200.0,10750.0,10750.0,10730.0,11132.5,12393.333333333334,13698.75,55141
2018-06-28,10750.0,11000.0,10350.0,10350.0,10690.0,11040.0,12326.666666666666,13662.083333333334,25067
2018-06-29,10500.0,10500.0,10000.0,10200.0,10590.0,10975.0,12256.666666666666,13621.25,43427
2018-07-02,10250.0,10500.0,9940.0,9950.0,10430.0,10897.5,12180.833333333334,13572.916666666666,57648
2018-07-03,9920.0,10100.0,9550.0,9690.0,10188.0,10789.5,12101.5,13522.0,57944
2018-07-04,9560.0,9980.0,9560.0,9970.0,10032.0,10695.5,12035.166666666666,13474.25,41824
2018-07-05,9980.0,10150.0,9650.0,9760.0,9914.0,10603.5,11964.5,13427.666666666666,26964
2018-07-06,9840.0,9870.0,9500.0,9870.0,9848.0,10509.5,11891.5,13385.333333333334,22357
2018-07-09,9790.0,10000.0,9740.0,9890.0,9836.0,10431.5,11821.333333333334,13344.0,24926
2018-07-10,9890.0,10050.0,9870.0,9930.0,9884.0,10360.5,11751.0,13304.25,25217
2018-07-11,9980.0,9980.0,9800.0,9800.0,9850.0,10295.5,11675.166666666666,13261.75,17248
2018-07-12,9800.0,9940.0,9710.0,9720.0,9842.0,10239.0,11594.666666666666,13217.333333333334,19348
2018-07-13,9890.0,10100.0,9810.0,10000.0,9868.0,10189.0,11520.5,13170.666666666666,28849
2018-07-16,10100.0,10300.0,10000.0,10150.0,9920.0,10161.5,11449.666666666666,13128.583333333334,22725
2018-07-17,10150.0,11450.0,10050.0,10650.0,10064.0,10194.0,11386.333333333334,13086.083333333334,339083
2018-07-18,10800.0,10800.0,10450.0,10600.0,10224.0,10209.0,11322.166666666666,13041.916666666666,58726
2018-07-19,10500.0,10800.0,10500.0,10550.0,10390.0,10209.0,11264.666666666666,13000.25,48406
2018-07-20,10500.0,10900.0,10500.0,10850.0,10560.0,10216.5,11212.166666666666,12959.833333333334,42232
2018-07-23,11000.0,11050.0,10600.0,10800.0,10690.0,10219.0,11158.833333333334,12917.75,46072
2018-07-24,10600.0,10900.0,10450.0,10800.0,10720.0,10214.0,11108.0,12868.583333333334,41206
2018-07-25,10650.0,11650.0,10650.0,11150.0,10830.0,10234.0,11068.833333333334,12823.583333333334,192843
2018-07-26,11100.0,11300.0,11000.0,11050.0,10930.0,10269.0,11033.0,12774.833333333334,49399
2018-07-27,10900.0,10950.0,10400.0,10550.0,10870.0,10286.5,10991.333333333334,12724.0,96666
2018-07-30,10550.0,10700.0,10250.0,10300.0,10770.0,10304.0,10962.166666666666,12669.833333333334,43559
2018-07-31,10300.0,10600.0,10050.0,10400.0,10690.0,10339.5,10947.166666666666,12617.333333333334,58783
2018-08-01,10550.0,11150.0,10550.0,11100.0,10680.0,10396.0,10938.0,12566.5,171152
2018-08-02,11100.0,12150.0,11100.0,11850.0,10840.0,10500.5,10946.333333333334,12532.75,601013
2018-08-03,14300.0,14500.0,11900.0,11950.0,11120.0,10604.5,10965.5,12503.166666666666,1659329
2018-08-06,11800.0,11800.0,11350.0,11500.0,11360.0,10685.0,10973.833333333334,12479.833333333334,223530
2018-08-07,11500.0,12300.0,11500.0,11600.0,11600.0,10768.5,10978.0,12455.666666666666,541302
2018-08-08,11650.0,11900.0,11400.0,11900.0,11760.0,10873.5,10984.666666666666,12438.166666666666,144333
2018-08-09,12350.0,12650.0,11850.0,12350.0,11860.0,11005.0,11003.833333333334,12427.333333333334,422225
2018-08-10,12550.0,12700.0,12100.0,12700.0,12010.0,11140.0,11028.833333333334,12419.416666666666,321801
2018-08-13,12600.0,12600.0,11550.0,11550.0,12020.0,11210.0,11009.666666666666,12395.666666666666,215489
2018-08-14,11400.0,11950.0,11400.0,11500.0,12000.0,11252.5,10990.5,12371.5,98631
2018-08-16,11450.0,11450.0,10950.0,11200.0,11860.0,11282.5,10977.166666666666,12344.0,101456
2018-08-17,11400.0,11800.0,11250.0,11750.0,11740.0,11342.5,10978.0,12319.833333333334,78512
2018-08-20,11650.0,11800.0,11400.0,11750.0,11550.0,11387.5,10973.0,12297.75,48481
2018-08-21,11900.0,13900.0,11900.0,12850.0,11810.0,11490.0,10980.5,12281.5,3077333
2018-08-22,12900.0,13150.0,12650.0,12900.0,12090.0,11595.0,10994.666666666666,12268.583333333334,324502
2018-08-23,13050.0,13250.0,12500.0,12750.0,12400.0,11675.0,11013.833333333334,12250.25,337663
2018-08-24,12800.0,13100.0,12750.0,12950.0,12640.0,11770.0,11026.333333333334,12227.75,276518
2018-08-27,13100.0,13150.0,12550.0,12700.0,12830.0,11877.5,11046.333333333334,12209.416666666666,180967
2018-08-28,12750.0,12750.0,12250.0,12300.0,12720.0,11977.5,11059.666666666666,12194.0,170307
2018-08-29,12250.0,12500.0,12250.0,12500.0,12640.0,12082.5,11070.5,12180.25,93872
2018-08-30,12400.0,12750.0,12250.0,12650.0,12620.0,12160.0,11083.833333333334,12168.166666666666,115285
2018-08-31,12600.0,12600.0,12350.0,12600.0,12550.0,12197.5,11100.5,12151.916666666666,73369
2018-09-03,12550.0,12700.0,12350.0,12400.0,12490.0,12220.0,11111.333333333334,12131.916666666666,74946
2018-09-04,12450.0,13200.0,12450.0,13150.0,12660.0,12302.5,11139.666666666666,12117.75,416353
2018-09-05,13100.0,13300.0,12900.0,13000.0,12760.0,12372.5,11167.166666666666,12103.166666666666,204922
2018-09-06,13000.0,13300.0,12500.0,13250.0,12880.0,12440.0,11203.0,12092.75,197386
2018-09-07,13050.0,13250.0,12900.0,13100.0,12980.0,12477.5,11240.5,12081.5,91031
2018-09-10,13050.0,13300.0,12700.0,12950.0,13090.0,12490.0,11273.0,12069.416666666666,153783
2018-09-11,13000.0,13000.0,12550.0,12650.0,12990.0,12545.0,11305.5,12056.083333333334,86527
2018-09-12,12650.0,12650.0,12050.0,12300.0,12850.0,12585.0,11343.833333333334,12039.833333333334,151923
2018-09-13,12250.0,12500.0,12150.0,12250.0,12650.0,12637.5,11376.333333333334,12018.583333333334,63968
2018-09-14,12300.0,12300.0,11700.0,11900.0,12410.0,12645.0,11398.833333333334,11999.416666666666,156044
2018-09-17,12100.0,12100.0,11600.0,11650.0,12150.0,12640.0,11414.666666666666,11982.333333333334,78276
2018-09-18,11550.0,11750.0,11450.0,11550.0,11930.0,12575.0,11428.0,11965.25,76560
2018-09-19,11600.0,12050.0,11400.0,11700.0,11810.0,12515.0,11441.333333333334,11943.583333333334,107212
2018-09-20,11850.0,11900.0,11650.0,11700.0,11700.0,12462.5,11457.166666666666,11925.25,50556
2018-09-21,11700.0,11850.0,11350.0,11600.0,11640.0,12395.0,11478.0,11902.333333333334,67055
2018-09-27,11750.0,11750.0,11400.0,11450.0,11600.0,12332.5,11498.833333333334,11877.75,56061
2018-09-28,11350.0,11550.0,11050.0,11150.0,11520.0,12275.0,11518.833333333334,11849.833333333334,57234
2018-10-01,11050.0,11200.0,10500.0,10650.0,11310.0,12182.5,11534.833333333334,11818.166666666666,95926
2018-10-02,10650.0,11250.0,10350.0,10350.0,11040.0,12067.5,11541.166666666666,11788.166666666666,87731
2018-10-04,10400.0,10650.0,10350.0,10450.0,10810.0,11960.0,11552.666666666666,11758.583333333334,46791
2018-10-05,10250.0,10450.0,9900.0,9940.0,10508.0,11837.0,11553.833333333334,11722.666666666666,152821
2018-10-08,9940.0,10050.0,9650.0,9680.0,10214.0,11663.5,11550.333333333334,11685.833333333334,74355
2018-10-10,9660.0,9810.0,9200.0,9540.0,9992.0,11490.5,11543.833333333334,11647.416666666666,55263
2018-10-11,8980.0,9420.0,8960.0,8990.0,9720.0,11277.5,11530.333333333334,11602.75,97717
2018-10-12,8720.0,9470.0,8720.0,9070.0,9444.0,11076.0,11519.5,11557.083333333334,88491
2018-10-15,9070.0,9440.0,9070.0,9280.0,9312.0,10892.5,11507.5,11514.0,35232
2018-10-16,9200.0,9550.0,9200.0,9450.0,9266.0,10732.5,11495.833333333334,11472.75,22149
2018-10-17,9460.0,9570.0,9310.0,9540.0,9266.0,10594.5,11477.333333333334,11431.833333333334,35897
2018-10-18,9590.0,9590.0,9370.0,9490.0,9366.0,10456.5,11458.833333333334,11390.5,13010
2018-10-19,9490.0,10400.0,9320.0,9670.0,9486.0,10345.0,11444.166666666666,11354.416666666666,82954
2018-10-22,9670.0,9850.0,9500.0,9850.0,9600.0,10255.0,11427.5,11319.833333333334,25871
2018-10-23,9770.0,9840.0,9100.0,9540.0,9618.0,10154.5,11406.5,11282.666666666666,42077
2018-10-24,9540.0,9640.0,9320.0,9500.0,9610.0,10044.5,11384.833333333334,11246.416666666666,21558
2018-10-25,9010.0,9610.0,9010.0,9590.0,9630.0,9939.0,11358.833333333334,11213.833333333334,51825
2018-10-26,9540.0,9900.0,9200.0,9480.0,9592.0,9833.0,11332.666666666666,11182.833333333334,47333
2018-10-29,9300.0,9490.0,8440.0,8440.0,9310.0,9682.5,11297.5,11144.416666666666,43409
2018-10-30,8100.0,8640.0,8100.0,8560.0,9114.0,9553.0,11268.5,11115.333333333334,54002
2018-10-31,8640.0,8800.0,8450.0,8760.0,8966.0,9458.5,11241.166666666666,11094.166666666666,17734
2018-11-01,8690.0,9400.0,8660.0,9220.0,8892.0,9402.0,11209.833333333334,11073.916666666666,33506
2018-11-02,9230.0,9610.0,9230.0,9590.0,8914.0,9359.0,11172.166666666666,11059.25,23593
2018-11-05,9550.0,9680.0,9520.0,9520.0,9130.0,9338.0,11131.666666666666,11048.583333333334,22194
2018-11-06,9450.0,9780.0,9410.0,9680.0,9354.0,9338.0,11101.333333333334,11037.583333333334,26149
2018-11-07,9680.0,9730.0,9340.0,9590.0,9520.0,9340.5,11067.833333333334,11022.916666666666,16984
2018-11-08,9690.0,9790.0,9530.0,9650.0,9606.0,9373.5,11030.333333333334,11007.5,25834
2018-11-09,9650.0,9800.0,9510.0,9650.0,9618.0,9402.5,10985.333333333334,10994.583333333334,19685
2018-11-12,9470.0,9660.0,9460.0,9640.0,9642.0,9420.5,10934.333333333334,10981.583333333334,22123
2018-11-13,9240.0,9640.0,9240.0,9500.0,9606.0,9423.0,10900.166666666666,10954.916666666666,20803
2018-11-14,9600.0,10800.0,9480.0,10300.0,9748.0,9461.0,10880.166666666666,10935.333333333334,166127
2018-11-15,10400.0,10600.0,10250.0,10400.0,9898.0,9506.5,10866.833333333334,10922.0,45132
2018-11-16,10650.0,11150.0,10350.0,10850.0,10138.0,9565.5,10851.833333333334,10914.916666666666,133182
2018-11-19,10750.0,11000.0,10500.0,11000.0,10410.0,9623.0,10839.333333333334,10906.166666666666,45602
2018-11-20,10750.0,10950.0,10650.0,10800.0,10670.0,9686.0,10805.166666666666,10892.833333333334,28397
2018-11-21,10600.0,10750.0,10000.0,10100.0,10630.0,9716.0,10758.5,10876.583333333334,74988
2018-11-22,10200.0,10700.0,10200.0,10600.0,10670.0,9766.5,10722.666666666666,10868.25,41018
2018-11-23,10550.0,10700.0,10500.0,10650.0,10630.0,9825.0,10684.333333333334,10855.333333333334,24216
2018-11-26,10600.0,10700.0,10400.0,10650.0,10560.0,9935.5,10650.166666666666,10848.25,30274
2018-11-27,10700.0,10700.0,10400.0,10650.0,10530.0,10040.0,10622.666666666666,10841.166666666666,16898
2018-11-28,10450.0,10700.0,10450.0,10600.0,10630.0,10132.0,10591.0,10830.75,20002
2018-11-29,10650.0,10800.0,10550.0,10550.0,10620.0,10198.5,10556.0,10819.916666666666,40668
2018-11-30,10650.0,10650.0,10450.0,10600.0,10610.0,10249.0,10522.666666666666,10811.583333333334,21322
2018-12-03,10600.0,10800.0,10550.0,10700.0,10620.0,10308.0,10494.333333333334,10802.833333333334,19515
2018-12-04,10750.0,10800.0,10600.0,10700.0,10630.0,10359.0,10453.5,10796.583333333334,19921
2018-12-05,10700.0,10900.0,10500.0,10850.0,10680.0,10422.0,10417.666666666666,10792.416666666666,21344
2018-12-06,10850.0,10850.0,10250.0,10650.0,10700.0,10472.0,10374.333333333334,10788.666666666666,29108
2018-12-07,10600.0,10650.0,10150.0,10150.0,10610.0,10497.0,10325.166666666666,10782.833333333334,25300
2018-12-10,10150.0,10350.0,9640.0,9860.0,10442.0,10508.0,10273.666666666666,10773.333333333334,26012
2018-12-11,9870.0,9870.0,9560.0,9560.0,10214.0,10511.0,10222.166666666666,10763.833333333334,13276
2018-12-12,9420.0,9880.0,9420.0,9710.0,9986.0,10481.5,10179.0,10761.416666666666,18691
2018-12-13,9720.0,10250.0,9720.0,9990.0,9854.0,10461.0,10141.333333333334,10758.833333333334,22910
2018-12-14,9940.0,10250.0,9940.0,10150.0,9854.0,10426.0,10112.166666666666,10755.5,25852
2018-12-17,10150.0,10150.0,9800.0,9900.0,9862.0,10371.0,10083.0,10748.833333333334,10115
2018-12-18,9850.0,10000.0,9300.0,9900.0,9930.0,10326.0,10055.5,10741.75,13862
2018-12-19,9900.0,10200.0,9770.0,10100.0,10008.0,10326.0,10028.833333333334,10735.083333333334,30033
2018-12-20,10100.0,10200.0,9900.0,10000.0,10010.0,10296.0,10000.5,10728.833333333334,24135
2018-12-21,10100.0,11550.0,9960.0,10500.0,10080.0,10288.5,9982.166666666666,10730.083333333334,318180
2018-12-24,10400.0,10600.0,10100.0,10200.0,10140.0,10266.0,9961.333333333334,10730.083333333334,85049
2018-12-26,10100.0,10100.0,9330.0,9910.0,10142.0,10229.0,9940.666666666666,10729.75,44649
2018-12-27,9910.0,10350.0,9910.0,10050.0,10132.0,10201.5,9930.666666666666,10732.75,26311
2018-12-28,10050.0,10200.0,9940.0,10100.0,10152.0,10179.0,9926.5,10733.833333333334,36032
2019-01-02,10150.0,10950.0,10150.0,10300.0,10112.0,10164.0,9924.0,10738.333333333334,88194
2019-01-03,10200.0,12150.0,10200.0,11150.0,10302.0,10186.5,9944.166666666666,10749.0,823952
2019-01-04,10900.0,11100.0,10500.0,11100.0,10540.0,10206.5,9967.833333333334,10759.083333333334,149520
2019-01-07,11050.0,11250.0,10900.0,11150.0,10760.0,10221.5,9994.666666666666,10769.25,74609
2019-01-08,11200.0,11250.0,10800.0,10950.0,10930.0,10236.5,10027.333333333334,10778.833333333334,48519
2019-01-09,11100.0,11100.0,10800.0,10850.0,11040.0,10271.5,10057.0,10788.25,59565
2019-01-10,10950.0,11800.0,10900.0,11600.0,11130.0,10358.5,10095.666666666666,10801.583333333334,233893
2019-01-11,11650.0,11950.0,11250.0,11250.0,11160.0,10443.0,10125.666666666666,10810.75,132104
2019-01-14,11250.0,11750.0,10950.0,11250.0,11180.0,10520.0,10154.166666666666,10815.75,54392
2019-01-15,11400.0,11700.0,11100.0,11600.0,11310.0,10600.5,10189.333333333334,10824.083333333334,104291
2019-01-16,11700.0,12800.0,11650.0,12300.0,11600.0,10708.0,10233.166666666666,10838.666666666666,409591
2019-01-17,12200.0,13200.0,12100.0,12900.0,11860.0,10858.0,10284.0,10855.75,299468
2019-01-18,13050.0,13850.0,12750.0,13600.0,12330.0,11043.0,10351.666666666666,10879.083333333334,436151
2019-01-21,13600.0,13650.0,13100.0,13450.0,12770.0,11210.5,10417.5,10901.166666666666,182827
2019-01-22,13450.0,13450.0,12200.0,12400.0,12930.0,11330.5,10464.333333333334,10911.583333333334,337514
2019-01-23,12400.0,12800.0,11800.0,12100.0,12890.0,11410.5,10508.0,10920.333333333334,162543
2019-01-24,12000.0,12150.0,11600.0,12150.0,12740.0,11508.0,10569.833333333334,10933.666666666666,116894
2019-01-25,12550.0,13100.0,12150.0,12200.0,12460.0,11622.5,10630.5,10949.5,238611
2019-01-28,12200.0,12350.0,11750.0,11800.0,12130.0,11710.0,10681.166666666666,10961.166666666666,59741
2019-01-29,11850.0,12500.0,11650.0,12400.0,12130.0,11825.0,10734.166666666666,10972.0,105286
2019-01-30,12550.0,12700.0,12200.0,12650.0,12240.0,11942.5,10785.166666666666,10978.666666666666,110203
2019-01-31,12750.0,12950.0,12500.0,12550.0,12320.0,12012.5,10835.666666666666,10983.666666666666,96582
2019-02-01,12600.0,12800.0,12150.0,12350.0,12350.0,12075.0,10880.166666666666,10990.75,57342
2019-02-07,12200.0,12450.0,12150.0,12300.0,12450.0,12132.5,10925.333333333334,10996.583333333334,26803
2019-02-08,12300.0,12800.0,12200.0,12500.0,12470.0,12210.0,10972.833333333334,11001.583333333334,52977
2019-02-11,12700.0,12700.0,12300.0,12400.0,12420.0,12287.5,11018.666666666666,11002.0,20912
2019-02-12,12500.0,12500.0,11850.0,11900.0,12290.0,12302.5,11056.333333333334,10995.333333333334,78598
2019-02-13,12050.0,12050.0,11300.0,11650.0,12150.0,12322.5,11092.166666666666,10996.166666666666,173767
2019-02-14,11650.0,11700.0,11400.0,11400.0,11970.0,12330.0,11110.5,10995.333333333334,74535
2019-02-15,11400.0,11650.0,11000.0,11300.0,11730.0,12315.0,11125.5,10996.166666666666,91902
2019-02-18,11350.0,11750.0,11250.0,11750.0,11600.0,12287.5,11140.5,10996.166666666666,53132
2019-02-19,11650.0,11700.0,11350.0,11500.0,11520.0,12217.5,11148.833333333334,10994.083333333334,52590
2019-02-20,11650.0,12400.0,11500.0,12400.0,11670.0,12157.5,11175.5,10990.333333333334,120173
2019-02-21,12400.0,13500.0,12200.0,13000.0,11990.0,12135.0,11223.833333333334,10991.166666666666,395397
2019-02-22,12950.0,13300.0,12450.0,12450.0,12220.0,12137.5,11254.666666666666,10988.666666666666,156086
2019-02-25,12400.0,13050.0,12150.0,12700.0,12410.0,12167.5,11288.833333333334,10986.583333333334,131813
2019-02-26,12700.0,13050.0,12400.0,12600.0,12630.0,12190.0,11321.333333333334,10985.75,111976
2019-02-27,12650.0,12900.0,12550.0,12750.0,12700.0,12217.5,11356.333333333334,10989.5,83813
2019-02-28,12900.0,12900.0,12100.0,12300.0,12560.0,12242.5,11384.666666666666,10987.833333333334,76136
2019-03-04,12050.0,12600.0,12000.0,12500.0,12570.0,12247.5,11417.166666666666,10986.583333333334,64130
2019-03-05,12500.0,13600.0,12200.0,13400.0,12710.0,12285.0,11463.833333333334,10993.25,326028
2019-03-06,13550.0,13550.0,12700.0,13100.0,12810.0,12312.5,11503.833333333334,10999.083333333334,153987
2019-03-07,12900.0,13450.0,12250.0,12450.0,12750.0,12317.5,11533.0,10993.25,148326
2019-03-08,12500.0,13050.0,12350.0,12800.0,12850.0,12342.5,11565.5,10991.583333333334,81420
2019-03-11,13100.0,13100.0,12200.0,12700.0,12890.0,12352.5,11599.666666666666,10987.0,60360
2019-03-12,12700.0,12800.0,12350.0,12500.0,12710.0,12357.5,11638.833333333334,10982.0,52890
2019-03-13,12550.0,13350.0,12500.0,13300.0,12750.0,12427.5,11696.166666666666,10984.916666666666,185275
2019-03-14,13250.0,13300.0,12650.0,12800.0,12820.0,12485.0,11750.166666666666,10986.166666666666,160784
2019-03-15,12700.0,13200.0,12700.0,12850.0,12830.0,12557.5,11802.5,10990.75,141140
2019-03-18,12900.0,13250.0,12800.0,13000.0,12890.0,12642.5,11852.666666666666,10997.0,89913
2019-03-19,13000.0,13050.0,12300.0,12400.0,12870.0,12675.0,11890.166666666666,11001.166666666666,151988
2019-03-20,12400.0,12450.0,11900.0,12250.0,12660.0,12712.5,11929.333333333334,11006.166666666666,123755
2019-03-21,12050.0,12350.0,12000.0,12200.0,12540.0,12702.5,11967.666666666666,11011.583333333334,39702
2019-03-22,12400.0,12500.0,12000.0,12100.0,12390.0,12657.5,12001.0,11014.916666666666,60894
2019-03-25,12000.0,12300.0,11700.0,11700.0,12130.0,12620.0,12029.333333333334,11014.916666666666,81113
2019-03-26,11650.0,12800.0,11650.0,12100.0,12070.0,12590.0,12056.0,11019.083333333334,256998
2019-03-27,11950.0,12200.0,11900.0,11900.0,12000.0,12555.0,12084.333333333334,11022.833333333334,59032
2019-03-28,11850.0,12000.0,11800.0,11800.0,11920.0,12507.5,12115.833333333334,11028.25,31608
2019-03-29,12050.0,12050.0,11600.0,11650.0,11830.0,12475.0,12142.5,11036.583333333334,52538
2019-04-01,11750.0,11800.0,11550.0,11700.0,11830.0,12435.0,12169.166666666666,11047.833333333334,28986
2019-04-02,11700.0,11700.0,11300.0,11500.0,11710.0,12340.0,12189.166666666666,11056.583333333334,74973
2019-04-03,12900.0,12950.0,11650.0,11650.0,11660.0,12267.5,12197.5,11070.833333333334,468620
2019-04-04,11750.0,11800.0,11400.0,11600.0,11620.0,12225.0,12205.833333333334,11086.833333333334,68921
2019-04-05,11550.0,11600.0,11400.0,11450.0,11580.0,12157.5,12210.833333333334,11102.75,67371
2019-04-08,11450.0,11850.0,11400.0,11500.0,11540.0,12097.5,12220.0,11123.666666666666,59554
2019-04-09,11500.0,11850.0,11500.0,11700.0,11580.0,12057.5,12234.166666666666,11145.583333333334,37111
2019-04-10,11900.0,11900.0,11600.0,11850.0,11620.0,11985.0,12238.333333333334,11167.0,39836
2019-04-11,11850.0,12050.0,11650.0,12000.0,11700.0,11945.0,12250.833333333334,11188.25,93908
2019-04-12,11950.0,12050.0,11850.0,11900.0,11790.0,11897.5,12261.666666666666,11207.916666666666,56977
2019-04-15,11950.0,12050.0,11750.0,11900.0,11870.0,11842.5,12266.666666666666,11228.0,50684
2019-04-16,11800.0,12000.0,11750.0,11950.0,11920.0,11820.0,12260.833333333334,11247.0,45023
2019-04-17,11900.0,12250.0,11900.0,11950.0,11940.0,11805.0,12245.0,11264.5,80101
2019-04-18,11850.0,11950.0,11600.0,11750.0,11890.0,11782.5,12214.166666666666,11282.916666666666,47873
2019-04-19,11600.0,12000.0,11600.0,11950.0,11900.0,11775.0,12189.166666666666,11303.333333333334,67152
2019-04-22,12000.0,12050.0,11800.0,11900.0,11900.0,11785.0,12180.833333333334,11322.583333333334,41928
2019-04-23,11800.0,12000.0,11650.0,11750.0,11860.0,11767.5,12175.0,11341.5,42279
2019-04-24,11950.0,12500.0,11850.0,12100.0,11890.0,11777.5,12174.166666666666,11372.0,330314
2019-04-25,12050.0,12150.0,11750.0,11850.0,11910.0,11780.0,12168.333333333334,11399.416666666666,91967
2019-04-26,11750.0,11900.0,10950.0,11350.0,11790.0,11765.0,12160.833333333334,11421.0,100847
2019-04-29,11750.0,11750.0,11250.0,11350.0,11680.0,11747.5,12143.333333333334,11438.75,30141
2019-04-30,11400.0,11500.0,10450.0,10850.0,11500.0,11715.0,12113.333333333334,11449.25,132923
2019-05-02,10950.0,11200.0,10800.0,11150.0,11310.0,11690.0,12090.0,11462.833333333334,26399
2019-05-03,11200.0,11900.0,11050.0,11850.0,11310.0,11702.5,12081.666666666666,11480.916666666666,73129
2019-05-07,11850.0,12400.0,11650.0,11950.0,11430.0,11727.5,12075.833333333334,11500.583333333334,244337
2019-05-08,11800.0,12950.0,11800.0,12750.0,11710.0,11790.0,12080.0,11526.416666666666,706783
2019-05-09,13000.0,13300.0,12400.0,13150.0,12170.0,11862.5,12092.5,11555.583333333334,741848
2019-05-10,12900.0,12900.0,11300.0,12350.0,12410.0,11887.5,12100.0,11578.166666666666,705258
2019-05-13,12100.0,12250.0,11350.0,11550.0,12350.0,11865.0,12098.333333333334,11595.25,194496
2019-05-14,11150.0,11250.0,10550.0,10750.0,12110.0,11807.5,12087.5,11599.0,224204
2019-05-15,10850.0,11050.0,10750.0,11000.0,11760.0,11762.5,12082.5,11604.0,52744
2019-05-16,11000.0,11000.0,10250.0,10350.0,11200.0,11682.5,12059.166666666666,11599.833333333334,108040
2019-05-17,10350.0,10550.0,10250.0,10400.0,10810.0,11605.0,12040.833333333334,11594.833333333334,56285
2019-05-20,10400.0,10450.0,9760.0,9920.0,10484.0,11513.5,11999.5,11587.5,133250
2019-05-21,9920.0,10200.0,9770.0,10000.0,10334.0,11416.0,11949.5,11586.666666666666,49224
2019-05-22,10000.0,10200.0,9800.0,10100.0,10154.0,11326.0,11910.333333333334,11582.5,37663
2019-05-23,10200.0,10250.0,9930.0,9930.0,10070.0,11235.0,11864.166666666666,11576.5,44722
2019-05-24,9850.0,9900.0,9500.0,9500.0,9890.0,11105.0,11812.5,11566.916666666666,60111
2019-05-27,9450.0,9450.0,9000.0,9140.0,9734.0,10969.5,11752.333333333334,11554.333333333334,92617
2019-05-28,9050.0,9800.0,9000.0,9740.0,9682.0,10889.0,11709.666666666666,11547.166666666666,57213
2019-05-29,9810.0,9990.0,9200.0,9810.0,9624.0,10812.0,11664.833333333334,11541.0,76904
2019-05-30,9650.0,9980.0,9650.0,9840.0,9606.0,10761.5,11605.5,11534.666666666666,24696
2019-05-31,9840.0,10450.0,9510.0,10200.0,9746.0,10714.0,11557.166666666666,11530.5,36147
2019-06-03,10050.0,10200.0,9800.0,10150.0,9948.0,10629.0,11518.833333333334,11525.916666666666,72816
2019-06-04,10200.0,10250.0,9910.0,9940.0,9988.0,10528.5,11471.166666666666,11518.333333333334,30542
2019-06-05,10100.0,10100.0,9690.0,9920.0,10010.0,10387.0,11424.833333333334,11512.25,41184
2019-06-07,10000.0,10000.0,9590.0,9790.0,10000.0,10219.0,11379.666666666666,11509.25,45550
2019-06-10,9920.0,9970.0,9790.0,9930.0,9946.0,10098.0,11323.5,11509.833333333334,25705
2019-06-11,10000.0,10100.0,9890.0,10100.0,9936.0,10025.5,11278.5,11514.333333333334,54342
2019-06-12,10150.0,10200.0,9970.0,9970.0,9942.0,9986.5,11230.5,11516.5,33008
2019-06-13,10000.0,10300.0,9900.0,10150.0,9988.0,9944.0,11183.0,11517.833333333334,33787
2019-06-14,10200.0,10350.0,10050.0,10050.0,10040.0,9929.0,11143.833333333334,11517.0,28400
2019-06-17,10050.0,10400.0,10000.0,10400.0,10134.0,9929.0,11113.0,11521.166666666666,46960
2019-06-18,10400.0,10650.0,10250.0,10350.0,10184.0,9950.5,11082.166666666666,11524.916666666666,59179
2019-06-19,10400.0,10550.0,10300.0,10350.0,10260.0,9968.0,11053.0,11527.0,40706
2019-06-20,10450.0,10450.0,10100.0,10300.0,10290.0,9978.0,11029.666666666666,11529.5,40581
2019-06-21,10350.0,10350.0,10050.0,10100.0,10300.0,9986.5,10996.333333333334,11526.166666666666,26021
2019-06-24,10100.0,10100.0,9790.0,9840.0,10188.0,10003.5,10962.0,11523.166666666666,54302
2019-06-25,9900.0,9910.0,9400.0,9700.0,10058.0,10031.5,10927.0,11521.416666666666,39432
2019-06-26,9520.0,9720.0,9520.0,9690.0,9926.0,10029.0,10894.333333333334,11518.416666666666,24264
2019-06-27,9690.0,9740.0,9590.0,9700.0,9806.0,10023.5,10861.0,11515.083333333334,29905
2019-06-28,9700.0,9880.0,9480.0,9600.0,9706.0,10011.5,10829.333333333334,11509.25,25197
2019-07-01,9510.0,9690.0,9510.0,9610.0,9660.0,9982.0,10795.333333333334,11496.416666666666,24962
2019-07-02,9690.0,9960.0,9680.0,9890.0,9698.0,9969.0,10766.833333333334,11486.333333333334,33095
2019-07-03,9890.0,9890.0,9510.0,9520.0,9664.0,9948.0,10734.666666666666,11472.75,22471
2019-07-04,9050.0,9340.0,8940.0,9070.0,9538.0,9905.5,10694.166666666666,11457.083333333334,115534
2019-07-05,9160.0,9480.0,9140.0,9450.0,9508.0,9888.5,10656.666666666666,11445.416666666666,45935
2019-07-08,9440.0,9540.0,9080.0,9080.0,9402.0,9846.0,10610.5,11424.416666666666,26665
2019-07-09,9050.0,9350.0,9000.0,9000.0,9224.0,9791.0,10560.5,11405.666666666666,17660
2019-07-10,8880.0,9070.0,8880.0,8930.0,9106.0,9739.0,10511.0,11386.333333333334,23261
2019-07-11,8950.0,9260.0,8950.0,9110.0,9114.0,9687.0,10464.5,11365.583333333334,50459
2019-07-12,9160.0,9870.0,9160.0,9300.0,9084.0,9649.5,10420.333333333334,11340.583333333334,137468
2019-07-15,9200.0,9300.0,9080.0,9090.0,9086.0,9584.0,10372.666666666666,11308.833333333334,21340
2019-07-16,9010.0,9160.0,8900.0,8970.0,9080.0,9515.0,10326.333333333334,11270.25,39957
2019-07-17,9080.0,9080.0,8790.0,8810.0,9056.0,9438.0,10274.0,11231.583333333334,26661
2019-07-18,8700.0,8880.0,8700.0,8820.0,8998.0,9364.0,10222.666666666666,11201.75,17709
2019-07-19,8730.0,9100.0,8730.0,8980.0,8934.0,9308.0,10176.5,11175.75,25185
2019-07-22,8900.0,9070.0,8900.0,9000.0,8916.0,9266.0,10124.833333333334,11149.5,14394
2019-07-23,8880.0,9060.0,8880.0,8900.0,8902.0,9226.0,10075.666666666666,11122.0,10588
2019-07-24,8830.0,8960.0,8810.0,8850.0,8910.0,9184.0,10034.0,11097.416666666666,18048
2019-07-25,8410.0,8830.0,8260.0,8500.0,8846.0,9124.0,9986.5,11064.916666666666,89581
2019-07-26,8370.0,8450.0,7800.0,7850.0,8620.0,9036.5,9936.5,11024.916666666666,85532
2019-07-29,7950.0,7950.0,7300.0,7440.0,8308.0,8928.0,9874.666666666666,10982.333333333334,44975
2019-07-30,7100.0,7740.0,7100.0,7450.0,8018.0,8806.0,9801.333333333334,10941.5,62801
2019-07-31,7250.0,7900.0,7250.0,7780.0,7804.0,8719.0,9731.833333333334,10903.833333333334,56058
2019-08-01,7880.0,7950.0,7670.0,7710.0,7646.0,8651.0,9647.833333333334,10863.916666666666,13075
2019-08-02,7710.0,7810.0,7450.0,7720.0,7620.0,8564.5,9557.333333333334,10824.916666666666,12062
2019-08-05,7520.0,7730.0,6450.0,6450.0,7422.0,8433.0,9459.0,10779.5,121355
2019-08-06,5810.0,6580.0,5810.0,6040.0,7140.0,8285.0,9367.166666666666,10732.75,81114
2019-08-07,6000.0,6220.0,5940.0,6010.0,6786.0,8139.0,9288.166666666666,10687.833333333334,86453
2019-08-08,6050.0,6500.0,6050.0,6450.0,6534.0,8006.0,9212.333333333334,10647.416666666666,62706
2019-08-09,6500.0,6900.0,6500.0,6900.0,6370.0,7886.0,9154.833333333334,10607.0,52398
2019-08-12,6680.0,6900.0,6620.0,6800.0,6440.0,7771.5,9094.833333333334,10567.833333333334,18213
2019-08-13,6990.0,6990.0,6730.0,6900.0,6612.0,7668.0,9044.5,10522.0,21809
2019-08-14,7360.0,8970.0,7240.0,7320.0,6874.0,7593.5,8999.833333333334,10474.666666666666,929724
2019-08-16,7140.0,7270.0,6720.0,7250.0,7034.0,7515.0,8952.333333333334,10431.333333333334,119927
2019-08-19,7080.0,7220.0,6870.0,6870.0,7028.0,7409.5,8901.333333333334,10382.75,31588
2019-08-20,6870.0,7140.0,6870.0,7050.0,7078.0,7312.0,8860.5,10336.5,34408
2019-08-21,7120.0,7120.0,6920.0,7110.0,7120.0,7222.5,8826.666666666666,10289.5,29636
2019-08-22,7010.0,7300.0,7010.0,7250.0,7106.0,7142.5,8785.166666666666,10247.416666666666,25114
2019-08-23,7220.0,7220.0,7070.0,7190.0,7094.0,7077.0,8741.5,10203.166666666666,28157
2019-08-26,7000.0,7170.0,6800.0,6890.0,7098.0,7029.0,8692.333333333334,10148.916666666666,24650
2019-08-27,6840.0,7000.0,6830.0,6830.0,7054.0,6998.5,8636.166666666666,10096.666666666666,15639
2019-08-28,6990.0,7000.0,6830.0,6990.0,7030.0,6975.5,8583.5,10051.166666666666,17585
2019-08-29,6990.0,6990.0,6800.0,6800.0,6940.0,6926.5,8531.166666666666,10001.166666666666,11005
2019-08-30,6790.0,7200.0,6790.0,7010.0,6904.0,6891.5,8482.666666666666,9953.75,49853
2019-09-02,7010.0,7100.0,6920.0,7070.0,6940.0,6859.0,8437.333333333334,9908.5,23402
2019-09-03,7100.0,7190.0,7040.0,7080.0,6990.0,6890.5,8389.833333333334,9856.666666666666,24137
2019-09-04,7050.0,7350.0,7050.0,7300.0,7052.0,6953.5,8343.166666666666,9810.833333333334,39142
2019-09-05,7350.0,7380.0,7130.0,7260.0,7144.0,7016.0,8298.0,9764.25,18128
2019-09-06,7230.0,7250.0,6940.0,7040.0,7150.0,7045.5,8246.166666666666,9714.583333333334,23973
2019-09-09,7110.0,7110.0,6870.0,6950.0,7126.0,7048.0,8194.5,9669.166666666666,19304
2019-09-10,6920.0,7020.0,6810.0,6940.0,7098.0,7055.0,8136.833333333333,9624.916666666666,17384
2019-09-11,6910.0,7180.0,6770.0,7100.0,7058.0,7065.0,8082.666666666667,9582.416666666666,38359
2019-09-16,7110.0,8460.0,7060.0,8130.0,7232.0,7105.5,8045.666666666667,9549.333333333334,938119
2019-09-17,7910.0,8150.0,7660.0,7940.0,7412.0,7140.0,8006.333333333333,9518.0,102346
2019-09-18,7950.0,8000.0,7710.0,7820.0,7586.0,7187.5,7968.333333333333,9482.333333333334,57292
2019-09-19,7720.0,7940.0,7720.0,7790.0,7756.0,7224.5,7934.166666666667,9448.083333333334,24508
2019-09-20,7750.0,8190.0,7700.0,8180.0,7972.0,7278.0,7908.833333333333,9417.916666666666,105544
2019-09-23,8210.0,8500.0,7890.0,8110.0,7968.0,7321.0,7882.5,9388.416666666666,231300
2019-09-24,8220.0,8290.0,7990.0,8090.0,7998.0,7366.0,7855.666666666667,9358.333333333334,41458
2019-09-25,8150.0,8150.0,7760.0,7840.0,8002.0,7413.5,7826.333333333333,9327.833333333334,46964
2019-09-26,7750.0,7950.0,7750.0,7820.0,8008.0,7463.0,7796.5,9295.916666666666,15294
2019-09-27,7930.0,7950.0,7730.0,7910.0,7954.0,7509.0,7763.5,9265.166666666666,15951
2019-09-30,7910.0,7910.0,7510.0,7690.0,7870.0,7553.5,7733.0,9233.833333333334,18342
2019-10-01,7900.0,7900.0,7620.0,7630.0,7778.0,7584.5,7709.0,9201.583333333334,5494
2019-10-02,7830.0,7830.0,7320.0,7600.0,7730.0,7611.0,7678.166666666667,9167.416666666666,24885
2019-10-04,7600.0,7760.0,7470.0,7650.0,7696.0,7639.5,7654.333333333333,9132.416666666666,17766
2019-10-07,7600.0,7690.0,7210.0,7430.0,7600.0,7646.0,7628.166666666667,9094.333333333334,20664
2019-10-08,7790.0,7850.0,7370.0,7530.0,7568.0,7659.5,7604.833333333333,9057.916666666666,13837
2019-10-10,7650.0,7650.0,7200.0,7350.0,7512.0,7675.0,7575.5,9020.0,14172
2019-10-11,7500.0,7500.0,7070.0,7370.0,7466.0,7696.0,7543.333333333333,8981.833333333334,12604
2019-10-14,7300.0,7570.0,7300.0,7460.0,7428.0,7722.0,7516.166666666667,8944.416666666666,22032
2019-10-15,7460.0,7490.0,7330.0,7410.0,7424.0,7737.5,7490.166666666667,8908.25,13216
2019-10-16,7490.0,7490.0,7300.0,7370.0,7392.0,7699.5,7466.166666666667,8870.083333333334,19934
2019-10-17,7320.0,7440.0,7220.0,7330.0,7388.0,7669.0,7441.333333333333,8832.0,20432
2019-10-18,7330.0,7350.0,7170.0,7230.0,7360.0,7639.5,7412.166666666667,8794.333333333334,18324
2019-10-21,7230.0,7230.0,7080.0,7110.0,7290.0,7605.5,7380.666666666667,8752.75,11239
2019-10-22,7000.0,7400.0,6980.0,7290.0,7266.0,7561.0,7353.833333333333,8714.75,36097
2019-10-23,7290.0,7350.0,7150.0,7150.0,7222.0,7513.0,7325.5,8679.75,25153
2019-10-24,7340.0,7340.0,7100.0,7250.0,7206.0,7471.0,7304.666666666667,8645.583333333334,10501
2019-10-25,7350.0,7350.0,7030.0,7100.0,7180.0,7434.0,7292.166666666667,8614.333333333334,18946
2019-10-28,7100.0,7240.0,7040.0,7120.0,7182.0,7399.0,7286.833333333333,8580.75,10331
2019-10-29,7200.0,7200.0,6980.0,7090.0,7142.0,7358.0,7280.833333333333,8541.083333333334,14366
2019-10-30,7220.0,7900.0,6810.0,6980.0,7108.0,7322.5,7267.5,8499.666666666666,260729
2019-10-31,7000.0,7060.0,6920.0,6940.0,7046.0,7288.0,7254.666666666667,8451.25,27048
2019-11-01,6910.0,7110.0,6800.0,6890.0,7004.0,7252.5,7240.833333333333,8399.083333333334,43188
2019-11-04,7100.0,7100.0,6910.0,6990.0,6978.0,7219.5,7249.833333333333,8354.416666666666,36814
2019-11-05,7160.0,7160.0,6890.0,6980.0,6956.0,7197.0,7265.5,8316.333333333334,32625
2019-11-06,6920.0,7040.0,6780.0,6850.0,6930.0,7163.0,7279.5,8283.833333333334,63048
2019-11-07,6940.0,6940.0,6750.0,6890.0,6920.0,7140.0,7286.833333333333,8249.583333333334,35771
2019-11-08,6950.0,6990.0,6830.0,6870.0,6916.0,7115.0,7286.333333333333,8220.583333333334,37043
2019-11-11,6920.0,6920.0,6800.0,6810.0,6880.0,7082.5,7286.5,8190.666666666667,22319
2019-11-12,6810.0,6920.0,6760.0,6790.0,6842.0,7051.5,7284.666666666667,8164.583333333333,21338
2019-11-13,6890.0,6890.0,6750.0,6820.0,6836.0,7024.0,7276.333333333333,8138.083333333333,22681
2019-11-14,6770.0,6910.0,6760.0,6840.0,6826.0,6999.5,7269.5,8110.916666666667,32360
2019-11-15,6900.0,7580.0,6700.0,6910.0,6834.0,6983.5,7270.166666666667,8085.75,224640
2019-11-18,6830.0,6920.0,6780.0,6810.0,6834.0,6968.5,7266.166666666667,8063.333333333333,43628
2019-11-19,6890.0,6890.0,6760.0,6830.0,6842.0,6945.5,7261.5,8044.083333333333,24824
2019-11-20,6870.0,6890.0,6720.0,6770.0,6832.0,6926.5,7253.5,8019.333333333333,27807
2019-11-21,6710.0,7380.0,6600.0,7110.0,6886.0,6919.5,7252.166666666667,7996.833333333333,206090
2019-11-22,7150.0,7340.0,7030.0,7210.0,6946.0,6925.0,7257.5,7974.916666666667,105937
2019-11-25,7280.0,7280.0,7110.0,7160.0,7016.0,6927.0,7263.0,7949.583333333333,35227
2019-11-26,7270.0,7800.0,7200.0,7560.0,7162.0,6950.5,7272.5,7928.0,196389
2019-11-27,7680.0,7680.0,7370.0,7370.0,7282.0,6970.0,7282.0,7906.583333333333,45091
2019-11-28,7260.0,7370.0,7020.0,7200.0,7300.0,6983.0,7285.166666666667,7883.916666666667,44025
2019-11-29,7200.0,7280.0,7050.0,7100.0,7278.0,6993.5,7285.666666666667,7861.5,52740
2019-12-02,7100.0,7270.0,7030.0,7040.0,7254.0,6996.0,7285.0,7837.416666666667,48118
2019-12-03,7040.0,7100.0,6800.0,6900.0,7122.0,6992.0,7278.333333333333,7810.75,46163
2019-12-04,6900.0,7000.0,6800.0,6890.0,7026.0,6994.0,7272.166666666667,7785.083333333333,22177
2019-12-05,6890.0,7000.0,6790.0,6840.0,6954.0,6991.5,7268.833333333333,7757.5,19703
2019-12-06,6840.0,6900.0,6800.0,6860.0,6906.0,6991.0,7267.333333333333,7730.916666666667,15093
2019-12-09,6810.0,6950.0,6700.0,6720.0,6842.0,6986.5,7263.666666666667,7700.25,28647
2019-12-10,6870.0,7000.0,6700.0,6760.0,6814.0,6985.0,7258.0,7670.333333333333,42563
2019-12-11,6910.0,6910.0,6740.0,6850.0,6806.0,6986.5,7236.666666666667,7641.166666666667,14859
2019-12-12,6800.0,6900.0,6800.0,6880.0,6814.0,6988.5,7219.0,7612.666666666667,20843
2019-12-13,6880.0,7000.0,6750.0,6750.0,6792.0,6980.5,7201.166666666667,7584.75,42414
2019-12-16,6740.0,6820.0,6710.0,6780.0,6804.0,6979.0,7184.333333333333,7559.25,15790
2019-12-17,6780.0,6830.0,6700.0,6710.0,6794.0,6973.0,7159.833333333333,7534.333333333333,17712
2019-12-18,6860.0,6860.0,6670.0,6700.0,6764.0,6969.5,7136.333333333333,7509.416666666667,7350
2019-12-19,6760.0,6760.0,6670.0,6720.0,6732.0,6950.0,7113.5,7484.583333333333,12033
2019-12-20,6770.0,6850.0,6740.0,6800.0,6742.0,6929.5,7096.166666666667,7461.25,14975
2019-12-23,6880.0,6880.0,6550.0,6550.0,6696.0,6899.0,7075.0,7435.75,16225
2019-12-24,6580.0,6820.0,6560.0,6700.0,6694.0,6856.0,7054.833333333333,7409.166666666667,28421
2019-12-26,6870.0,6870.0,6710.0,6800.0,6714.0,6827.5,7040.0,7386.5,14660
2019-12-27,6850.0,6850.0,6590.0,6740.0,6718.0,6804.5,7025.166666666667,7367.083333333333,15931
2019-12-30,6740.0,6810.0,6600.0,6720.0,6702.0,6785.5,7010.5,7344.333333333333,14616
2020-01-02,6790.0,6870.0,6730.0,6790.0,6750.0,6773.0,6996.166666666667,7325.25,15059
2020-01-03,6840.0,6840.0,6700.0,6790.0,6768.0,6767.5,6985.5,7306.833333333333,23078
2020-01-06,6700.0,6780.0,6680.0,6700.0,6748.0,6758.0,6971.666666666667,7288.25,14760
2020-01-07,6800.0,6820.0,6710.0,6800.0,6760.0,6756.0,6962.5,7269.0,25405
2020-01-08,6800.0,6800.0,6250.0,6600.0,6736.0,6743.0,6949.666666666667,7246.5,65559
2020-01-09,6600.0,6740.0,6560.0,6680.0,6714.0,6741.0,6936.666666666667,7226.416666666667,17141
2020-01-10,6730.0,6730.0,6600.0,6660.0,6688.0,6736.0,6924.166666666667,7207.166666666667,10451
2020-01-13,6740.0,7110.0,6660.0,6900.0,6728.0,6738.5,6916.333333333333,7191.25,124837
2020-01-14,7010.0,7010.0,6750.0,6780.0,6724.0,6733.5,6907.166666666667,7174.25,24441
2020-01-15,6780.0,6890.0,6750.0,6760.0,6756.0,6734.0,6899.333333333333,7155.75,17075
2020-01-16,6940.0,6940.0,6650.0,6800.0,6780.0,6735.0,6894.166666666667,7137.416666666667,13545
2020-01-17,6800.0,6850.0,6680.0,6750.0,6798.0,6737.0,6885.166666666667,7119.5,16151
2020-01-20,6750.0,6880.0,6660.0,6690.0,6756.0,6736.5,6877.5,7101.5,35498
2020-01-21,6770.0,6770.0,6610.0,6640.0,6728.0,6732.5,6867.333333333333,7086.0,16807
2020-01-22,6680.0,6690.0,6600.0,6660.0,6708.0,6725.5,6860.0,7076.083333333333,26382
2020-01-23,6760.0,6770.0,6600.0,6730.0,6694.0,6734.5,6853.5,7070.166666666667,26049
2020-01-28,6570.0,6710.0,6480.0,6650.0,6674.0,6732.0,6846.166666666667,7063.5,50665
2020-01-29,6700.0,6700.0,6490.0,6620.0,6660.0,6723.0,6840.166666666667,7053.833333333333,49431
2020-01-30,6700.0,6700.0,6400.0,6510.0,6634.0,6711.5,6833.0,7043.833333333333,63489
2020-01-31,6590.0,6750.0,6500.0,6660.0,6634.0,6708.5,6829.166666666667,7035.0,42158
2020-02-03,6510.0,6780.0,6500.0,6680.0,6624.0,6703.0,6824.0,7036.916666666667,50041
2020-02-04,6600.0,6730.0,6600.0,6640.0,6622.0,6695.5,6818.333333333333,7041.916666666667,32540
2020-02-05,6640.0,7280.0,6640.0,6830.0,6664.0,6702.0,6818.0,7048.75,226771
2020-02-06,6940.0,6940.0,6750.0,6890.0,6740.0,6706.5,6818.0,7052.416666666667,39885
2020-02-07,6890.0,7040.0,6840.0,7030.0,6814.0,6728.0,6820.666666666667,7053.5,38256
2020-02-10,7100.0,7340.0,6960.0,7000.0,6878.0,6744.0,6823.833333333333,7055.166666666667,81965
2020-02-11,7000.0,7100.0,6910.0,6970.0,6944.0,6759.5,6826.833333333333,7055.75,40176
2020-02-12,6990.0,7000.0,6820.0,7000.0,6978.0,6764.5,6829.833333333333,7053.083333333333,32885
2020-02-13,6880.0,7000.0,6860.0,6990.0,6998.0,6775.0,6832.333333333333,7050.916666666667,42607
2020-02-14,7000.0,7020.0,6840.0,7000.0,6992.0,6787.0,6833.833333333333,7052.0,82868
2020-02-17,7000.0,7290.0,6850.0,7100.0,7012.0,6802.0,6838.666666666667,7052.416666666667,163891
2020-02-18,7100.0,7150.0,6920.0,7000.0,7018.0,6814.5,6841.5,7051.5,58602
2020-02-19,7010.0,7010.0,6900.0,6910.0,7000.0,6825.5,6843.833333333333,7048.666666666667,45994
2020-02-20,7060.0,7060.0,6750.0,6900.0,6982.0,6838.5,6840.333333333333,7046.25,61017
2020-02-21,6830.0,6890.0,6660.0,6730.0,6928.0,6842.0,6832.333333333333,7044.916666666667,45965
2020-02-24,6510.0,6720.0,6320.0,6470.0,6802.0,6829.0,6820.833333333333,7041.916666666667,59610
2020-02-25,6550.0,6550.0,6390.0,6440.0,6690.0,6818.5,6802.166666666667,7037.333333333333,19749
2020-02-26,6530.0,6550.0,6390.0,6510.0,6610.0,6813.0,6787.833333333333,7034.916666666667,20871
2020-02-27,6660.0,6660.0,6260.0,6260.0,6482.0,6800.5,6772.166666666667,7028.666666666667,43083
2020-02-28,6380.0,6380.0,5600.0,5900.0,6316.0,6762.5,6752.166666666667,7018.916666666667,120061
2020-03-02,5800.0,5940.0,5710.0,5830.0,6188.0,6720.0,6732.0,7008.5,20017
2020-03-03,5830.0,5990.0,5700.0,5750.0,6050.0,6675.5,6712.833333333333,6995.583333333333,24854
2020-03-04,5690.0,5980.0,5650.0,5760.0,5900.0,6622.0,6694.0,6983.083333333333,42797
2020-03-05,5880.0,6100.0,5750.0,6050.0,5858.0,6580.0,6680.833333333333,6974.833333333333,40821
2020-03-06,6010.0,6150.0,5800.0,6000.0,5878.0,6528.5,6666.5,6966.916666666667,25495
2020-03-09,6000.0,6000.0,6000.0,6000.0,5912.0,6478.5,6654.5,6959.083333333333,0
2020-03-10,5500.0,5900.0,5210.0,5300.0,5822.0,6395.0,6630.166666666667,6944.083333333333,89051
2020-03-11,5230.0,5500.0,5090.0,5130.0,5696.0,6301.5,6601.5,6919.083333333333,49967
2020-03-12,5130.0,5130.0,5130.0,5130.0,5512.0,6208.5,6572.333333333333,6895.666666666667,0
2020-03-13,3600.0,4145.0,3600.0,3850.0,5082.0,6051.0,6524.0,6862.583333333333,200061
2020-03-16,4150.0,4150.0,3680.0,3695.0,4621.0,5880.75,6472.583333333333,6828.458333333333,69638
2020-03-17,3260.0,4795.0,3260.0,3810.0,4323.0,5721.25,6424.25,6792.041666666667,179902
2020-03-18,3810.0,4120.0,3635.0,3835.0,4064.0,5567.5,6376.5,6756.416666666667,64132
2020-03-19,3835.0,3900.0,3225.0,3350.0,3708.0,5390.0,6320.333333333333,6716.916666666667,137749
2020-03-20,3300.0,3800.0,3300.0,3800.0,3698.0,5243.5,6270.333333333333,6683.25,71857
2020-03-23,3590.0,3700.0,3330.0,3700.0,3699.0,5105.0,6222.833333333333,6648.916666666667,66570
2020-03-24,3700.0,3935.0,3700.0,3825.0,3702.0,4974.25,6174.916666666667,6614.875,65947
2020-03-25,3830.0,4155.0,3830.0,4050.0,3745.0,4851.25,6129.083333333333,6584.541666666667,74804
2020-03-26,3900.0,4650.0,3900.0,4180.0,3911.0,4747.25,6086.416666666667,6555.791666666667,130410
2020-03-27,4355.0,4440.0,4050.0,4200.0,3991.0,4662.25,6044.416666666667,6527.458333333333,53287
2020-03-30,4200.0,4250.0,4075.0,4190.0,4089.0,4580.25,6001.083333333333,6498.625,36358
2020-03-31,4260.0,4415.0,4215.0,4400.0,4204.0,4512.75,5961.25,6473.375,70896
2020-04-01,4400.0,5150.0,4340.0,4700.0,4334.0,4459.75,5927.916666666667,6449.791666666667,167299
2020-04-02,4700.0,5000.0,4625.0,4910.0,4480.0,4402.75,5896.416666666667,6429.458333333333,88899
2020-04-03,4775.0,4910.0,4590.0,4670.0,4574.0,4336.25,5864.25,6406.958333333333,232890
2020-04-06,4670.0,4760.0,4545.0,4750.0,4686.0,4273.75,5832.083333333333,6384.375,112487
2020-04-07,4850.0,4850.0,4680.0,4800.0,4766.0,4248.75,5801.083333333333,6362.625,65461
2020-04-08,4800.0,4885.0,4660.0,4790.0,4784.0,4231.75,5765.916666666667,6341.125,72870
2020-04-09,4830.0,6110.0,4725.0,5530.0,4908.0,4251.75,5745.083333333333,6326.125,1453637
2020-04-10,5600.0,5980.0,5380.0,5740.0,5122.0,4346.25,5728.083333333333,6313.708333333333,491546
2020-04-13,5710.0,5850.0,5500.0,5600.0,5292.0,4441.5,5708.083333333333,6301.125,111760
2020-04-14,5610.0,5700.0,5480.0,5610.0,5454.0,4531.5,5689.083333333333,6287.125,62811
2020-04-16,5670.0,5670.0,5410.0,5620.0,5620.0,4620.75,5671.25,6274.375,45489
2020-04-17,5630.0,6400.0,5600.0,5730.0,5660.0,4739.75,5656.083333333333,6261.708333333333,945978
2020-04-20,5810.0,5920.0,5670.0,5810.0,5674.0,4840.25,5641.916666666667,6250.958333333333,101684
2020-04-21,5830.0,5930.0,5360.0,5910.0,5736.0,4950.75,5628.25,6240.875,258698
2020-04-22,5620.0,5660.0,5220.0,5430.0,5700.0,5031.0,5607.916666666667,6227.041666666667,273500
2020-04-23,5500.0,5500.0,5180.0,5360.0,5648.0,5096.5,5586.916666666667,6213.541666666667,147548
2020-04-24,5290.0,5390.0,5040.0,5180.0,5538.0,5146.5,5564.75,6198.875,136282
2020-04-27,5180.0,5390.0,5100.0,5310.0,5438.0,5202.0,5542.25,6185.708333333333,90717
2020-04-28,5270.0,5420.0,5190.0,5200.0,5296.0,5252.5,5517.583333333333,6170.791666666667,72911
2020-04-29,5250.0,5530.0,5200.0,5220.0,5254.0,5293.5,5493.916666666667,6156.125,114836
2020-05-04,5350.0,5490.0,5150.0,5420.0,5266.0,5329.5,5470.416666666667,6144.208333333333,80511
2020-05-06,5640.0,6070.0,5400.0,5680.0,5366.0,5368.0,5450.25,6134.125,631767
2020-05-07,5550.0,5660.0,5500.0,5650.0,5434.0,5417.0,5427.25,6123.958333333333,103813
2020-05-08,5700.0,5720.0,5580.0,5640.0,5522.0,5461.5,5404.583333333333,6114.208333333333,81081
2020-05-11,5710.0,5740.0,5530.0,5590.0,5596.0,5501.0,5381.583333333333,6104.208333333333,90584
2020-05-12,5650.0,5650.0,5430.0,5480.0,5608.0,5535.5,5356.25,6093.041666666667,49369
2020-05-13,5480.0,5480.0,5150.0,5400.0,5552.0,5529.0,5329.75,6081.041666666667,61007
2020-05-14,5420.0,5420.0,5290.0,5290.0,5480.0,5506.5,5301.25,6067.541666666667,32366
2020-05-15,5320.0,5370.0,5250.0,5290.0,5410.0,5491.0,5271.083333333333,6054.875,48561
2020-05-18,5440.0,5550.0,5170.0,5240.0,5340.0,5472.5,5241.75,6041.625,71995
2020-05-19,5240.0,5390.0,5220.0,5280.0,5300.0,5455.5,5214.583333333333,6029.208333333333,37654
2020-05-20,5360.0,5380.0,5260.0,5380.0,5296.0,5438.0,5189.25,6014.791666666667,56358
2020-05-21,6200.0,6670.0,5620.0,6140.0,5466.0,5454.5,5179.416666666667,6005.875,2415783
2020-05-22,6250.0,7160.0,5990.0,6670.0,5742.0,5492.5,5182.75,6001.791666666667,3469501
2020-05-25,6640.0,6780.0,6390.0,6630.0,6020.0,5552.5,5185.916666666667,5994.041666666667,492429
2020-05-26,6630.0,6630.0,6390.0,6490.0,6262.0,5609.0,5185.583333333333,5986.708333333333,308906
2020-05-27,6490.0,6540.0,6300.0,6380.0,6462.0,5669.0,5187.583333333333,5979.875,229787
2020-05-28,6380.0,6380.0,5910.0,6160.0,6466.0,5711.5,5191.916666666667,5972.041666666667,222142
2020-05-29,6140.0,6300.0,6020.0,6270.0,6386.0,5765.0,5199.25,5965.625,85135
2020-06-01,6340.0,6450.0,6250.0,6250.0,6310.0,5816.5,5207.583333333333,5960.208333333333,130085
2020-06-02,6280.0,6660.0,6150.0,6540.0,6320.0,5872.5,5220.583333333333,5957.291666666667,342507
2020-06-03,6570.0,7040.0,6390.0,6520.0,6348.0,5914.5,5228.416666666667,5954.625,727023
2020-06-04,6590.0,6640.0,6490.0,6520.0,6420.0,5958.0,5237.083333333333,5951.791666666667,175751
2020-06-05,6520.0,6600.0,6420.0,6490.0,6464.0,6000.5,5245.25,5949.875,82660
2020-06-08,6590.0,6680.0,6520.0,6540.0,6522.0,6048.0,5265.916666666667,5948.041666666667,121851
2020-06-09,6690.0,6850.0,6560.0,6730.0,6560.0,6110.5,5292.583333333333,5947.041666666667,355993
2020-06-10,6930.0,6930.0,6600.0,6630.0,6582.0,6172.0,5317.583333333333,5944.958333333333,334560
2020-06-11,6630.0,6740.0,6470.0,6590.0,6596.0,6237.0,5363.25,5943.625,189518
2020-06-12,6360.0,6500.0,6100.0,6500.0,6598.0,6297.5,5410.0,5941.291666666667,176184
2020-06-15,6380.0,6430.0,5890.0,5890.0,6468.0,6330.0,5444.666666666667,5934.458333333333,151533
2020-06-16,6010.0,6380.0,5940.0,6300.0,6382.0,6381.0,5485.75,5931.125,93385
2020-06-17,6320.0,6320.0,6140.0,6250.0,6306.0,6424.5,5534.083333333333,5927.208333333333,79125
2020-06-18,6250.0,6310.0,6050.0,6210.0,6230.0,6428.0,5574.25,5922.291666666667,77560
2020-06-19,6420.0,6430.0,6110.0,6230.0,6176.0,6406.0,5616.416666666667,5919.625,69275
2020-06-22,6230.0,6340.0,6110.0,6230.0,6244.0,6386.0,5656.5,5915.708333333333,69755
2020-06-23,6190.0,6730.0,6080.0,6400.0,6264.0,6381.5,5695.666666666667,5912.375,278320
2020-06-24,6400.0,6450.0,6260.0,6260.0,6266.0,6375.5,5730.333333333333,5908.375,73724
2020-06-25,6270.0,6280.0,6090.0,6090.0,6242.0,6372.0,5761.833333333333,5903.125,68523
2020-06-26,6170.0,6380.0,6070.0,6160.0,6228.0,6366.5,5794.666666666667,5897.875,87451
2020-06-29,6080.0,6200.0,5910.0,6010.0,6184.0,6354.5,5821.5,5891.375,83921
2020-06-30,6140.0,6190.0,5940.0,6160.0,6136.0,6335.5,5845.833333333333,5886.875,72864
2020-07-01,6160.0,6190.0,5550.0,5930.0,6070.0,6306.0,5862.833333333333,5879.625,111852
2020-07-02,5970.0,6190.0,5930.0,6160.0,6084.0,6288.0,5887.666666666667,5875.958333333333,133456
2020-07-03,6160.0,6280.0,6080.0,6210.0,6094.0,6274.0,5912.0,5872.041666666667,46222
2020-07-06,6210.0,7440.0,6150.0,7440.0,6380.0,6319.0,5956.0,5878.541666666667,2080186
2020-07-07,7440.0,7440.0,6980.0,7240.0,6596.0,6344.5,5996.833333333333,5881.375,844215
2020-07-08,7290.0,8270.0,7290.0,7860.0,6982.0,6406.0,6035.666666666667,5890.375,2316755
2020-07-09,7810.0,8240.0,7630.0,7730.0,7296.0,6463.0,6068.833333333333,5898.458333333333,552748
2020-07-10,7730.0,7730.0,7210.0,7300.0,7514.0,6503.0,6097.166666666667,5902.625,347088
2020-07-13,7380.0,8080.0,7330.0,8080.0,7642.0,6612.5,6138.333333333333,5913.708333333333,829356
2020-07-14,7950.0,8400.0,7850.0,8400.0,7874.0,6717.5,6184.666666666667,5927.958333333333,493499
2020-07-15,8580.0,8580.0,8150.0,8410.0,7984.0,6825.5,6229.333333333333,5942.708333333333,283464
2020-07-16,8410.0,8710.0,8260.0,8300.0,8098.0,6930.0,6270.833333333333,5956.375,252305
2020-07-17,8280.0,8740.0,8250.0,8640.0,8366.0,7050.5,6316.333333333333,5972.291666666667,261612
2020-07-20,8800.0,9960.0,8720.0,9610.0,8672.0,7219.5,6386.0,5996.958333333333,988589
2020-07-21,9510.0,10250.0,9410.0,9980.0,8988.0,7398.5,6463.0,6024.958333333333,614923
2020-07-22,9980.0,10150.0,9620.0,9980.0,9302.0,7584.5,6543.0,6053.875,225496
2020-07-23,9920.0,10450.0,9700.0,10100.0,9662.0,7785.0,6622.833333333333,6082.541666666667,247267
2020-07-24,10000.0,10150.0,9650.0,9800.0,9894.0,7967.0,6699.5,6108.541666666667,271043
2020-07-27,9800.0,9910.0,9370.0,9460.0,9864.0,8139.5,6770.166666666667,6132.041666666667,259025
2020-07-28,9650.0,9980.0,9340.0,9470.0,9762.0,8305.0,6837.666666666667,6154.041666666667,211955
2020-07-29,9500.0,9600.0,9250.0,9300.0,9626.0,8473.5,6898.0,6174.125,136464
2020-07-30,9300.0,9510.0,9200.0,9260.0,9458.0,8628.5,6958.166666666667,6192.708333333333,109517
2020-07-31,9150.0,9320.0,9030.0,9030.0,9304.0,8769.5,7014.666666666667,6209.625,124417
2020-08-03,9170.0,9930.0,8850.0,9830.0,9378.0,8889.0,7085.333333333333,6233.458333333333,408717
2020-08-04,9940.0,10200.0,9650.0,9940.0,9472.0,9024.0,7159.666666666667,6257.958333333333,338015
2020-08-05,10050.0,10150.0,9780.0,9980.0,9608.0,9130.0,7236.0,6282.875,214767
2020-08-06,10050.0,10350.0,9850.0,9960.0,9748.0,9241.5,7313.833333333333,6307.541666666667,384174
2020-08-07,10150.0,10200.0,9930.0,10000.0,9942.0,9376.5,7392.333333333333,6331.708333333333,245961
2020-08-10,10100.0,11300.0,10000.0,11300.0,10236.0,9537.5,7493.333333333333,6367.541666666667,968767
2020-08-11,11400.0,11500.0,10950.0,11050.0,10458.0,9670.0,7589.5,6402.041666666667,475430
2020-08-12,11000.0,11100.0,10550.0,11100.0,10682.0,9804.5,7684.833333333333,6437.041666666667,347297
2020-08-13,11250.0,12300.0,11250.0,11500.0,10990.0,9964.5,7774.166666666667,6476.791666666667,752702
2020-08-14,11350.0,11800.0,10500.0,10800.0,11150.0,10072.5,7843.0,6512.875,602454
2020-08-18,10400.0,11250.0,9940.0,10100.0,10910.0,10097.0,7900.833333333333,6543.375,516619
2020-08-19,10250.0,11250.0,10050.0,11100.0,10920.0,10153.0,7977.666666666667,6581.625,416701
2020-08-20,11150.0,11250.0,10200.0,10650.0,10830.0,10186.5,8048.833333333333,6618.208333333333,462741
2020-08-21,10950.0,11000.0,10450.0,10700.0,10670.0,10216.5,8124.5,6658.208333333333,207408
2020-08-24,10800.0,11600.0,10500.0,11550.0,10820.0,10304.0,8212.5,6705.875,343869
2020-08-25,11550.0,11750.0,11100.0,11650.0,11130.0,10413.5,8302.5,6755.041666666667,339049
2020-08-26,11350.0,11600.0,11050.0,11400.0,11190.0,10510.0,8383.5,6802.041666666667,264701
2020-08-27,11400.0,12400.0,11350.0,11600.0,11380.0,10625.0,8468.166666666666,6848.291666666667,1030877
2020-08-28,12100.0,12150.0,11600.0,11700.0,11580.0,10747.0,8554.5,6895.791666666667,360205
2020-08-31,12250.0,13300.0,11950.0,13200.0,11910.0,10955.5,8666.333333333334,6955.791666666667,990265
2020-09-01,13050.0,13250.0,12400.0,12900.0,12160.0,11109.0,8772.333333333334,7019.125,704176
2020-09-02,13000.0,13100.0,12450.0,12600.0,12400.0,11242.0,8870.166666666666,7081.375,352210
2020-09-03,12750.0,12800.0,11800.0,12300.0,12540.0,11358.0,8964.666666666666,7141.125,587797
2020-09-04,11500.0,12750.0,11500.0,12700.0,12740.0,11495.0,9066.5,7214.875,642998
2020-09-07,13100.0,13100.0,12450.0,12800.0,12660.0,11635.0,9171.5,7290.75,425570
2020-09-08,13200.0,13650.0,13000.0,13450.0,12770.0,11742.5,9297.5,7371.083333333333,798369
2020-09-09,13150.0,13900.0,12650.0,12900.0,12830.0,11835.0,9407.5,7446.625,586074
2020-09-10,13400.0,13450.0,12350.0,12600.0,12890.0,11910.0,9513.333333333334,7523.708333333333,641701
2020-09-11,12550.0,12800.0,12100.0,12600.0,12870.0,11965.0,9619.833333333334,7597.041666666667,297981
2020-09-14,12800.0,12800.0,12250.0,12400.0,12790.0,12045.0,9722.666666666666,7669.541666666667,196978
2020-09-15,12400.0,13100.0,12100.0,12800.0,12660.0,12180.0,9832.166666666666,7744.333333333333,532204
2020-09-16,13000.0,13150.0,12750.0,12800.0,12640.0,12265.0,9938.833333333334,7817.25,331384
2020-09-17,13100.0,13500.0,12800.0,12950.0,12710.0,12380.0,10050.333333333334,7890.333333333333,433298
2020-09-18,12800.0,13000.0,12550.0,12750.0,12740.0,12482.5,10161.333333333334,7961.583333333333,221679
2020-09-21,12750.0,12750.0,11550.0,11900.0,12640.0,12500.0,10257.0,8025.833333333333,424506
2020-09-22,11600.0,11900.0,11150.0,11200.0,12320.0,12477.5,10343.5,8082.5,346909
2020-09-23,11400.0,11650.0,10650.0,11400.0,12040.0,12477.5,10430.833333333334,8138.333333333333,257812
2020-09-24,11200.0,14300.0,10800.0,12800.0,12010.0,12537.5,10545.333333333334,8204.083333333334,4282674
2020-09-25,14750.0,15500.0,13050.0,13800.0,12220.0,12642.5,10672.666666666666,8280.166666666666,7639581
2020-09-28,14050.0,14350.0,13050.0,13750.0,12590.0,12670.0,10798.333333333334,8355.166666666666,1210328
2020-09-29,14100.0,15500.0,13450.0,14300.0,13210.0,12740.0,10912.666666666666,8434.333333333334,4146536
2020-10-05,14000.0,14250.0,13650.0,14000.0,13730.0,12810.0,11025.333333333334,8511.083333333334,583261
2020-10-06,13850.0,14000.0,13250.0,13400.0,13850.0,12865.0,11117.666666666666,8576.666666666666,581344
2020-10-07,13650.0,14350.0,13500.0,13900.0,13870.0,12925.0,11220.5,8644.666666666666,623872
2020-10-08,13900.0,14400.0,13600.0,13900.0,13900.0,12980.0,11330.5,8713.833333333334,410662
2020-10-12,13750.0,14050.0,13500.0,13750.0,13790.0,12995.0,11425.0,8781.666666666666,274257
2020-10-13,13950.0,13950.0,13400.0,13500.0,13690.0,13025.0,11510.0,8847.333333333334,203931
2020-10-14,13500.0,13750.0,13150.0,13600.0,13730.0,13075.0,11596.5,8912.916666666666,298318
2020-10-15,13750.0,13750.0,12800.0,13250.0,13600.0,13107.5,11679.0,8974.916666666666,427327
2020-10-16,13150.0,13150.0,11750.0,12400.0,13300.0,13107.5,11741.666666666666,9029.0,584256
2020-10-19,12400.0,12400.0,11500.0,11750.0,12900.0,13055.0,11777.333333333334,9081.666666666666,294324
2020-10-20,11800.0,12600.0,11450.0,12500.0,12700.0,13040.0,11819.333333333334,9141.166666666666,314138
2020-10-21,12600.0,12700.0,12250.0,12500.0,12480.0,13017.5,11861.333333333334,9202.166666666666,113541
2020-10-22,12500.0,12500.0,11950.0,12050.0,12240.0,12982.5,11893.833333333334,9258.333333333334,106582
2020-10-23,12300.0,12300.0,11900.0,12000.0,12160.0,12987.5,11930.5,9315.0,68235
2020-10-26,11900.0,12050.0,11150.0,11150.0,12040.0,12985.0,11958.666666666666,9364.416666666666,229787
2020-10-27,11050.0,11650.0,10950.0,11250.0,11790.0,12977.5,11988.333333333334,9413.0,251339
2020-10-28,11900.0,12150.0,11350.0,11550.0,11600.0,12915.0,12025.833333333334,9461.916666666666,287463
2020-10-29,11150.0,12400.0,11150.0,11950.0,11580.0,12822.5,12070.666666666666,9514.416666666666,736925
2020-10-30,11950.0,11950.0,11350.0,11350.0,11450.0,12702.5,12109.333333333334,9562.0,178073
2020-11-02,11500.0,11600.0,11150.0,11250.0,11470.0,12550.0,12133.0,9609.166666666666,101849
2020-11-03,11350.0,11550.0,11000.0,11150.0,11450.0,12407.5,12153.166666666666,9656.416666666666,146704
2020-11-04,11150.0,11350.0,11000.0,11050.0,11350.0,12290.0,12171.0,9703.5,149821
2020-11-05,11050.0,12200.0,11050.0,11900.0,11340.0,12190.0,12203.333333333334,9758.583333333334,359875
2020-11-06,12200.0,12250.0,11750.0,11900.0,11450.0,12090.0,12235.0,9813.666666666666,205078
2020-11-09,12300.0,12350.0,12100.0,12250.0,11650.0,12015.0,12250.833333333334,9872.083333333334,169424
2020-11-10,12550.0,12550.0,12000.0,12200.0,11860.0,11950.0,12270.0,9929.75,139910
2020-11-11,12250.0,12250.0,11900.0,12200.0,12090.0,11880.0,12288.333333333334,9986.583333333334,133281
2020-11-12,12200.0,12300.0,12000.0,12200.0,12150.0,11827.5,12300.0,10037.083333333334,79562
2020-11-13,12100.0,12200.0,11950.0,12050.0,12180.0,11810.0,12320.833333333334,10081.916666666666,99056
2020-11-16,11900.0,12200.0,11850.0,11950.0,12120.0,11820.0,12351.666666666666,10126.25,142287
2020-11-17,11800.0,11950.0,11600.0,11750.0,12030.0,11782.5,12362.5,10170.083333333334,124355
2020-11-18,11700.0,12000.0,11600.0,11950.0,11980.0,11755.0,12384.166666666666,10216.5,99770
2020-11-19,12000.0,12050.0,11750.0,12000.0,11940.0,11752.5,12405.833333333334,10265.166666666666,79594
2020-11-20,12000.0,12050.0,11800.0,11900.0,11910.0,11747.5,12411.666666666666,10312.083333333334,74439
2020-11-23,12150.0,13100.0,11900.0,13100.0,12140.0,11845.0,12435.833333333334,10369.166666666666,587777
2020-11-24,13100.0,13800.0,13000.0,13350.0,12460.0,11950.0,12468.333333333334,10425.916666666666,369475
2020-11-25,13350.0,14300.0,12800.0,13250.0,12720.0,12035.0,12495.833333333334,10482.0,791359
2020-11-26,13400.0,14900.0,13150.0,14900.0,13300.0,12182.5,12549.166666666666,10551.833333333334,1178546
2020-11-27,15500.0,15650.0,14450.0,15200.0,13960.0,12375.0,12582.5,10624.416666666666,1095019
2020-11-30,15500.0,19700.0,15500.0,19050.0,15150.0,12765.0,12685.0,10728.666666666666,4873817
2020-12-01,19350.0,19750.0,18000.0,19750.0,16430.0,13195.0,12804.166666666666,10837.166666666666,1683590
2020-12-02,19500.0,25650.0,19450.0,25650.0,18910.0,13925.0,13026.666666666666,10995.666666666666,4842636
2020-12-03,26450.0,33300.0,26450.0,33300.0,22590.0,14995.0,13370.0,11218.25,1200660
2020-12-04,35500.0,43200.0,31100.0,32000.0,25950.0,16000.0,13690.0,11430.75,2013063
2020-12-07,32300.0,33100.0,29600.0,32000.0,28540.0,16987.5,13999.166666666666,11648.333333333334,1043344
2020-12-08,31200.0,33300.0,31200.0,32050.0,31000.0,17980.0,14318.333333333334,11862.916666666666,550646
2020-12-09,30500.0,30500.0,27650.0,27700.0,31410.0,18755.0,14570.0,12041.666666666666,880717
2020-12-10,27100.0,29000.0,27100.0,29000.0,30550.0,19595.0,14843.333333333334,12231.583333333334,738921
2020-12-11,27300.0,28300.0,22500.0,23400.0,28830.0,20162.5,15026.666666666666,12374.666666666666,4346309
2020-12-14,22850.0,23700.0,21900.0,22800.0,26990.0,20705.0,15193.333333333334,12512.75,1595842
2020-12-15,23050.0,24200.0,22450.0,23900.0,25360.0,21312.5,15378.333333333334,12658.583333333334,2082159
2020-12-16,24600.0,27300.0,24350.0,25500.0,24920.0,21990.0,15587.5,12818.916666666666,4005038
2020-12-17,25950.0,30000.0,25550.0,29950.0,25110.0,22887.5,15874.166666666666,13017.75,4584282
2020-12-18,29100.0,32500.0,27000.0,29900.0,26410.0,23787.5,16174.166666666666,13215.583333333334,5349485
2020-12-21,29900.0,29950.0,27100.0,27550.0,27360.0,24510.0,16446.666666666668,13395.083333333334,1533048
2020-12-22,26800.0,27000.0,25200.0,25650.0,27710.0,25125.0,16684.166666666668,13557.5,1222561
2020-12-23,26250.0,29650.0,25700.0,29650.0,28540.0,25945.0,16965.0,13755.166666666666,1656525
2020-12-24,29400.0,29600.0,27300.0,27400.0,28030.0,26570.0,17191.666666666668,13932.166666666666,1240484
2020-12-28,26750.0,26750.0,24100.0,24500.0,26950.0,27035.0,17370.833333333332,14084.583333333334,1090893
2020-12-29,25200.0,27450.0,24800.0,26350.0,26710.0,27400.0,17571.666666666668,14242.166666666666,1052947
2020-12-30,27050.0,27450.0,26050.0,26700.0,26920.0,27747.5,17783.333333333332,14404.333333333334,522560
2021-01-04,26600.0,27500.0,25550.0,27400.0,26470.0,27835.0,18016.666666666668,14567.166666666666,508440
2021-01-05,27200.0,28700.0,26550.0,28250.0,26640.0,27582.5,18255.833333333332,14738.166666666666,817545
2021-01-06,28400.0,31200.0,27850.0,28500.0,27440.0,27407.5,18499.166666666668,14914.833333333334,1940758
2021-01-07,28200.0,29050.0,27950.0,28350.0,27840.0,27225.0,18742.5,15083.75,587313
2021-01-08,28400.0,28450.0,26950.0,27700.0,28040.0,27007.5,18979.166666666668,15244.583333333334,675682
2021-01-11,27400.0,27400.0,25800.0,26350.0,27830.0,26940.0,19191.666666666668,15394.083333333334,734631
2021-01-12,26200.0,27300.0,25850.0,26500.0,27480.0,26815.0,19412.5,15545.75,467833
2021-01-13,26600.0,28400.0,26500.0,28200.0,27420.0,27055.0,19675.833333333332,15708.75,813232
2021-01-14,27900.0,29100.0,27700.0,28550.0,27460.0,27342.5,19955.833333333332,15866.583333333334,868294
2021-01-15,27600.0,28150.0,26800.0,27100.0,27340.0,27502.5,20199.166666666668,16009.25,593298
2021-01-18,26650.0,26800.0,25650.0,25650.0,27200.0,27510.0,20418.333333333332,16139.833333333334,392751
2021-01-19,25800.0,27000.0,25750.0,26500.0,27200.0,27337.5,20659.166666666668,16276.5,214133
2021-01-20,26350.0,27300.0,26150.0,27100.0,26980.0,27197.5,20910.833333333332,16420.666666666668,233608
2021-01-21,27400.0,28400.0,27050.0,27700.0,26810.0,27205.0,21186.666666666668,16572.666666666668,518312
2021-01-22,27750.0,28900.0,27450.0,28300.0,27050.0,27337.5,21470.833333333332,16729.583333333332,655387
2021-01-25,28300.0,28900.0,27700.0,28350.0,27590.0,27272.5,21750.833333333332,16888.333333333332,423520
2021-01-26,28300.0,28300.0,27000.0,27250.0,27740.0,27265.0,22005.833333333332,17038.25,363170
2021-01-27,27300.0,28000.0,26900.0,27550.0,27830.0,27417.5,22275.833333333332,17192.583333333332,257745
2021-01-28,26650.0,27150.0,26000.0,27050.0,27700.0,27452.5,22539.166666666668,17336.083333333332,225038
2021-01-29,27250.0,27850.0,26150.0,26700.0,27380.0,27452.5,22798.333333333332,17475.75,460017
2021-02-01,26300.0,27250.0,25800.0,26900.0,27090.0,27427.5,23062.5,17616.75,324326
2021-02-02,27150.0,30050.0,26650.0,29700.0,27580.0,27500.0,23359.166666666668,17781.25,3273413
2021-02-03,29700.0,29950.0,28550.0,29750.0,28020.0,27562.5,23656.666666666668,17945.833333333332,1668672
2021-02-04,29950.0,30300.0,28600.0,30300.0,28670.0,27660.0,23957.5,18104.166666666668,1058186
2021-02-05,30800.0,30850.0,27800.0,28100.0,28950.0,27680.0,24222.5,18246.25,1560499
2021-02-08,28000.0,28650.0,26700.0,27800.0,29130.0,27752.5,24482.5,18385.416666666668,505482
2021-02-09,27650.0,27650.0,26850.0,27050.0,28600.0,27780.0,24730.0,18515.0,307815
2021-02-10,26800.0,27600.0,26450.0,27500.0,28150.0,27745.0,24987.5,18654.166666666668,238401
2021-02-15,27350.0,27750.0,27000.0,27250.0,27540.0,27680.0,25242.5,18797.083333333332,262174
2021-02-16,27000.0,27450.0,26800.0,27050.0,27330.0,27677.5,25497.5,18930.0,234082
2021-02-17,27050.0,28850.0,27050.0,28800.0,27530.0,27835.0,25778.333333333332,19081.25,808608
2021-02-18,29000.0,29050.0,28000.0,28200.0,27760.0,27920.0,26048.333333333332,19227.083333333332,437940
2021-02-19,29000.0,29650.0,28250.0,29400.0,28140.0,28035.0,26340.0,19375.833333333332,1314715
2021-02-22,29400.0,29450.0,28300.0,28850.0,28460.0,28092.5,26602.5,19519.166666666668,507892
2021-02-23,28150.0,28450.0,27500.0,28050.0,28660.0,28080.0,26847.5,19657.916666666668,340875
2021-02-24,28000.0,29200.0,27450.0,27450.0,28390.0,28035.0,27084.166666666668,19790.0,509625
2021-02-25,28050.0,29450.0,27500.0,29300.0,28610.0,28137.5,27324.166666666668,19936.666666666668,710132
2021-02-26,27950.0,28800.0,27600.0,28350.0,28400.0,28177.5,27543.333333333332,20062.916666666668,564180
2021-03-02,28650.0,29300.0,27650.0,27900.0,28210.0,28220.0,27690.833333333332,20187.916666666668,514643
2021-03-03,28100.0,28300.0,26700.0,27150.0,28030.0,28242.5,27814.166666666668,20309.166666666668,484890
2021-03-04,26950.0,26950.0,26050.0,26850.0,27910.0,28240.0,27834.166666666668,20430.416666666668,412289
2021-03-05,26500.0,26900.0,25950.0,26900.0,27430.0,28100.0,27727.5,20548.75,228194
2021-03-08,27450.0,27450.0,26050.0,26100.0,26980.0,27917.5,27629.166666666668,20659.583333333332,219335
2021-03-09,25850.0,26000.0,24250.0,25300.0,26460.0,27667.5,27517.5,20758.333333333332,339754
2021-03-10,25400.0,25500.0,22250.0,22750.0,25580.0,27400.0,27362.5,20840.416666666668,656532
2021-03-11,22300.0,23150.0,22300.0,23000.0,24810.0,27160.0,27284.166666666668,20927.083333333332,240969
2021-03-12,23200.0,24450.0,23100.0,24150.0,24260.0,27015.0,27203.333333333332,21023.333333333332,280868
2021-03-15,24800.0,28150.0,24200.0,26800.0,24400.0,26980.0,27260.0,21143.333333333332,2016361
2021-03-16,26800.0,26800.0,25700.0,26500.0,24640.0,26942.5,27321.666666666668,21257.5,380876
2021-03-17,26500.0,27050.0,25850.0,26150.0,25320.0,26897.5,27359.166666666668,21368.75,223860
2021-03-18,25900.0,26550.0,25800.0,26150.0,25950.0,26765.0,27370.0,21478.75,166392
2021-03-19,25800.0,26300.0,25400.0,26150.0,26350.0,26662.5,27306.666666666668,21590.416666666668,149702
2021-03-22,26600.0,26600.0,25850.0,26100.0,26210.0,26497.5,27243.333333333332,21708.75,149975
2021-03-23,26000.0,26100.0,24850.0,25350.0,25980.0,26322.5,27206.666666666668,21826.666666666668,192957
2021-03-24,25350.0,25950.0,24700.0,25500.0,25850.0,26195.0,27204.166666666668,21944.166666666668,162328
2021-03-25,25500.0,25500.0,25000.0,25300.0,25680.0,26087.5,27131.666666666668,22048.333333333332,129409
2021-03-26,25450.0,25800.0,25050.0,25650.0,25580.0,25905.0,27102.5,22147.083333333332,120791
2021-03-29,25650.0,25950.0,25450.0,25450.0,25450.0,25760.0,27118.333333333332,22244.583333333332,148133
2021-03-30,25450.0,26950.0,25100.0,26650.0,25710.0,25697.5,27123.333333333332,22347.5,401745
2021-03-31,26750.0,27050.0,26250.0,26800.0,25970.0,25680.0,27125.0,22454.166666666668,255012
2021-04-01,26900.0,27750.0,26400.0,26500.0,26210.0,25662.5,27110.0,22563.333333333332,390833
2021-04-02,26500.0,27300.0,26350.0,26800.0,26440.0,25657.5,27085.833333333332,22670.833333333332,349847
2021-04-05,26800.0,27150.0,26400.0,26650.0,26680.0,25685.0,27055.0,22777.083333333332,181656
2021-04-06,26550.0,26800.0,26200.0,26550.0,26660.0,25747.5,27025.0,22883.75,149453
2021-04-07,27800.0,28700.0,27050.0,27500.0,26800.0,25985.0,27021.666666666668,23000.416666666668,820654
2021-04-08,27900.0,29700.0,27350.0,29650.0,27430.0,26317.5,27076.666666666668,23134.166666666668,2107902
2021-04-09,30100.0,30400.0,27550.0,27950.0,27660.0,26507.5,27100.833333333332,23256.666666666668,1822058
2021-04-12,27900.0,27900.0,26900.0,27000.0,27730.0,26517.5,27080.833333333332,23378.333333333332,511760
2021-04-13,27100.0,27300.0,26500.0,26900.0,27800.0,26537.5,27053.333333333332,23504.583333333332,314594
2021-04-14,26900.0,27500.0,26600.0,26900.0,27680.0,26575.0,27050.0,23624.583333333332,235569
2021-04-15,27100.0,27100.0,26400.0,26600.0,27070.0,26597.5,27065.833333333332,23742.083333333332,235710
2021-04-16,26700.0,26750.0,26050.0,26200.0,26720.0,26600.0,27060.833333333332,23860.0,225985
2021-04-19,26200.0,26200.0,25500.0,25850.0,26490.0,26587.5,27040.0,23975.416666666668,227763
2021-04-20,25850.0,26750.0,25500.0,26500.0,26410.0,26645.0,27020.0,24103.333333333332,238744
2021-04-21,26600.0,26600.0,25900.0,25900.0,26210.0,26665.0,26980.0,24225.416666666668,144221
2021-04-22,25900.0,26200.0,25650.0,25900.0,26070.0,26695.0,26939.166666666668,24345.0,113991
2021-04-23,25650.0,25850.0,25450.0,25750.0,25980.0,26700.0,26914.166666666668,24460.0,112684
2021-04-26,25400.0,25750.0,25350.0,25600.0,25930.0,26707.5,26881.666666666668,24578.75,115344
2021-04-27,25600.0,25600.0,25250.0,25250.0,25680.0,26637.5,26851.666666666668,24695.416666666668,124618
2021-04-28,25750.0,25750.0,25050.0,25550.0,25610.0,26575.0,26832.5,24815.416666666668,130397
2021-04-29,25450.0,25450.0,24800.0,24900.0,25410.0,26495.0,26799.166666666668,24930.833333333332,166399
2021-04-30,24800.0,24850.0,23800.0,24150.0,25090.0,26362.5,26706.666666666668,25032.916666666668,182652
2021-05-03,24250.0,24250.0,23000.0,23700.0,24710.0,26215.0,26605.833333333332,25131.25,98264
2021-05-04,23950.0,25650.0,23450.0,25000.0,24660.0,26137.5,26517.5,25237.5,243134
2021-05-06,24650.0,25400.0,24450.0,25300.0,24610.0,26027.5,26470.833333333332,25346.666666666668,89417
2021-05-07,25300.0,25500.0,24950.0,25400.0,24710.0,25815.0,26430.833333333332,25456.666666666668,62415
2021-05-10,25400.0,25550.0,24900.0,25550.0,24990.0,25695.0,26405.833333333332,25567.916666666668,69680
2021-05-11,25350.0,25350.0,24850.0,25150.0,25280.0,25602.5,26366.666666666668,25677.083333333332,77859
2021-05-12,25100.0,25100.0,24400.0,24650.0,25210.0,25490.0,26323.333333333332,25782.916666666668,82130
2021-05-13,24000.0,24500.0,24000.0,24150.0,24980.0,25352.5,26275.0,25886.25,80331
2021-05-14,24150.0,24350.0,24050.0,24150.0,24730.0,25230.0,26197.5,25987.916666666668,56799
2021-05-17,24650.0,24650.0,23750.0,24000.0,24420.0,25120.0,26127.5,26087.916666666668,89103
2021-05-18,23600.0,24400.0,23500.0,24250.0,24240.0,25040.0,26041.666666666668,26190.833333333332,94421
2021-05-20,24300.0,25100.0,24100.0,24900.0,24290.0,24960.0,25975.833333333332,26289.166666666668,99366
2021-05-21,24900.0,25100.0,24600.0,24850.0,24430.0,24907.5,25922.5,26385.0,68572
2021-05-24,25050.0,25700.0,24550.0,25650.0,24730.0,24895.0,25892.5,26488.333333333332,231920
2021-05-25,25800.0,26200.0,25450.0,26000.0,25130.0,24907.5,25837.5,26580.833333333332,182465
2021-05-26,26000.0,26000.0,25600.0,25750.0,25430.0,24915.0,25794.166666666668,26668.75,104473
2021-05-27,25750.0,28000.0,24950.0,26050.0,25660.0,24955.0,25763.333333333332,26727.083333333332,723024
2021-05-28,26050.0,26050.0,25600.0,25850.0,25860.0,24970.0,25741.666666666668,26777.916666666668,128988
2021-05-31,25950.0,26150.0,25550.0,25600.0,25850.0,25005.0,25720.833333333332,26777.5,100070
2021-06-01,25600.0,25950.0,25500.0,25850.0,25820.0,25090.0,25703.333333333332,26715.416666666668,71164
2021-06-02,25800.0,26300.0,25700.0,26000.0,25870.0,25205.0,25701.666666666668,26665.416666666668,132361
2021-06-03,26000.0,26100.0,25700.0,25950.0,25850.0,25252.5,25712.5,26615.0,71055
2021-06-04,25950.0,26700.0,25700.0,26450.0,25970.0,25310.0,25774.166666666668,26568.333333333332,207553
2021-06-07,26900.0,27500.0,26450.0,27200.0,26290.0,25400.0,25844.166666666668,26564.166666666668,398795
2021-06-08,27200.0,27250.0,26250.0,26850.0,26490.0,25465.0,25889.166666666668,26546.25,193826
2021-06-09,26700.0,26800.0,25800.0,25850.0,26460.0,25500.0,25873.333333333332,26566.666666666668,193394
2021-06-10,25950.0,26600.0,25900.0,26100.0,26490.0,25572.5,25866.666666666668,26594.166666666668,158958
2021-06-11,26100.0,26600.0,26000.0,26550.0,26510.0,25692.5,25873.333333333332,26616.25,161040
2021-06-14,26850.0,26850.0,25050.0,25850.0,26240.0,25777.5,25868.333333333332,26619.166666666668,353689
2021-06-15,26200.0,26500.0,25550.0,26500.0,26170.0,25902.5,25874.166666666668,26590.416666666668,179552
2021-06-16,26250.0,26500.0,26050.0,26150.0,26230.0,25997.5,25875.0,26559.166666666668,141093
2021-06-17,26200.0,26400.0,25850.0,25900.0,26190.0,26047.5,25884.166666666668,26545.416666666668,124652
2021-06-18,25900.0,26050.0,25600.0,25850.0,26050.0,26097.5,25890.0,26547.083333333332,137502
2021-06-21,25750.0,26150.0,25500.0,25600.0,26000.0,26095.0,25895.0,26513.333333333332,123698
2021-06-22,25650.0,25750.0,25300.0,25400.0,25780.0,26065.0,25890.833333333332,26496.666666666668,100022
2021-06-23,25400.0,25400.0,24850.0,25000.0,25550.0,26027.5,25883.333333333332,26500.833333333332,136123
2021-06-24,25300.0,25300.0,24500.0,24600.0,25290.0,25955.0,25849.166666666668,26486.25,101502
2021-06-25,24700.0,25350.0,24600.0,24800.0,25080.0,25902.5,25815.833333333332,26470.416666666668,82799
2021-06-28,24600.0,24650.0,23650.0,24050.0,24770.0,25825.0,25775.0,26442.5,231304
2021-06-29,24100.0,24950.0,24100.0,24900.0,24670.0,25777.5,25743.333333333332,26414.583333333332,126302
2021-06-30,25350.0,25400.0,24550.0,24700.0,24610.0,25712.5,25710.833333333332,26382.916666666668,75290
2021-07-01,24700.0,25000.0,24500.0,24700.0,24630.0,25650.0,25680.0,26352.5,59525
2021-07-02,24700.0,25950.0,24700.0,25400.0,24750.0,25597.5,25645.0,26333.333333333332,239270
2021-07-05,25400.0,26200.0,25400.0,25600.0,25060.0,25517.5,25577.5,26327.083333333332,196606
2021-07-06,25950.0,25950.0,25050.0,25100.0,25100.0,25430.0,25530.0,26315.416666666668,121331
2021-07-07,25000.0,25250.0,24700.0,24850.0,25130.0,25380.0,25494.166666666668,26287.5,85649
2021-07-08,25200.0,25350.0,24350.0,24950.0,25180.0,25322.5,25461.666666666668,26257.5,103414
2021-07-09,24750.0,24750.0,24100.0,24400.0,24980.0,25215.0,25420.0,26235.0,99442
2021-07-12,24850.0,24850.0,24400.0,24700.0,24800.0,25157.5,25388.333333333332,26227.083333333332,55137
2021-07-13,24700.0,25100.0,24400.0,25100.0,24800.0,25087.5,25370.0,26215.416666666668,95375
2021-07-14,25100.0,25200.0,24800.0,25000.0,24830.0,25030.0,25355.833333333332,26197.916666666668,69018
2021-07-15,25100.0,27300.0,24850.0,27200.0,25280.0,25095.0,25367.5,26193.75,1506917
2021-07-16,27750.0,28900.0,27200.0,28150.0,26030.0,25210.0,25405.0,26192.5,1992494
2021-07-19,28450.0,29700.0,27700.0,28700.0,26830.0,25365.0,25451.666666666668,26195.416666666668,1209008
2021-07-20,28250.0,30450.0,27300.0,28150.0,27440.0,25502.5,25491.666666666668,26202.916666666668,2082109
2021-07-21,28600.0,28650.0,26500.0,26700.0,27780.0,25587.5,25510.0,26195.833333333332,799036
2021-07-22,27150.0,27250.0,25800.0,26650.0,27670.0,25690.0,25533.333333333332,26192.5,485257
2021-07-23,26500.0,28500.0,26450.0,28500.0,27740.0,25875.0,25582.5,26207.5,873979
2021-07-26,29150.0,31900.0,27950.0,28900.0,27780.0,26117.5,25649.166666666668,26224.166666666668,3198622
2021-07-27,29450.0,29800.0,27700.0,28650.0,27880.0,26305.0,25724.166666666668,26215.416666666668,671673
2021-07-28,28000.0,29250.0,27050.0,27300.0,28000.0,26435.0,25784.166666666668,26195.0,626337
2021-07-29,27350.0,28600.0,27000.0,28300.0,28330.0,26615.0,25839.166666666668,26178.333333333332,427784
2021-07-30,28250.0,28250.0,26900.0,27050.0,28040.0,26697.5,25868.333333333332,26169.583333333332,390305
2021-08-02,27050.0,27050.0,25750.0,25800.0,27420.0,26707.5,25875.0,26152.916666666668,355067
2021-08-03,25700.0,25700.0,23650.0,24150.0,26520.0,26660.0,25851.666666666668,26128.75,685082
2021-08-04,24000.0,24500.0,23000.0,23850.0,25830.0,26610.0,25830.0,26098.333333333332,394257
2021-08-05,24150.0,24750.0,24000.0,24100.0,24990.0,26567.5,25820.833333333332,26072.083333333332,174829
2021-08-06,24300.0,24400.0,23600.0,23900.0,24360.0,26542.5,25816.666666666668,26045.833333333332,160228
2021-08-09,23650.0,24600.0,23300.0,24400.0,24080.0,26527.5,25820.833333333332,26009.166666666668,246205
2021-08-10,23750.0,24250.0,23300.0,23650.0,23980.0,26455.0,25815.0,25971.25,253851
2021-08-11,23600.0,23600.0,22800.0,22800.0,23770.0,26345.0,25790.833333333332,25916.25,218650
2021-08-12,23100.0,23100.0,22550.0,22700.0,23490.0,26120.0,25754.166666666668,25865.0,133468
2021-08-13,22750.0,22800.0,21150.0,22200.0,23150.0,25822.5,25710.0,25816.25,227861
2021-08-17,22150.0,22150.0,20450.0,21000.0,22470.0,25437.5,25632.5,25762.5,236172
2021-08-18,20750.0,21700.0,20550.0,21600.0,22060.0,25110.0,25559.166666666668,25698.333333333332,128702
2021-08-19,21300.0,22150.0,21000.0,21000.0,21700.0,24825.0,25480.0,25637.083333333332,120449
2021-08-20,21000.0,21350.0,20000.0,20250.0,21210.0,24505.0,25383.333333333332,25573.333333333332,141936
2021-08-23,20300.0,20650.0,19600.0,20300.0,20830.0,24095.0,25290.833333333332,25516.25,94989
2021-08-24,20200.0,21700.0,20200.0,21000.0,20830.0,23700.0,25214.166666666668,25467.5,85084
2021-08-25,20900.0,21350.0,20800.0,21200.0,20750.0,23327.5,25136.666666666668,25420.0,56694
2021-08-26,21200.0,22450.0,21150.0,22100.0,20970.0,23067.5,25071.666666666668,25386.666666666668,131885
2021-08-27,22000.0,22300.0,21450.0,21950.0,21310.0,22750.0,25005.0,25358.75,74321
2021-08-30,21600.0,21850.0,21250.0,21500.0,21550.0,22472.5,24922.5,25348.333333333332,66753
2021-08-31,21300.0,21300.0,20450.0,20900.0,21530.0,22227.5,24817.5,25330.833333333332,116849
2021-09-01,20800.0,21100.0,20600.0,20850.0,21460.0,22062.5,24717.5,25303.333333333332,59452
2021-09-02,20850.0,21350.0,20750.0,21050.0,21250.0,21922.5,24637.5,25255.416666666668,47794
2021-09-03,21100.0,21750.0,20800.0,21050.0,21070.0,21770.0,24553.333333333332,25210.0,94489
2021-09-06,21050.0,21100.0,20650.0,20700.0,20910.0,21610.0,24455.833333333332,25164.583333333332,53482
2021-09-07,20700.0,20950.0,20150.0,20300.0,20790.0,21405.0,24363.333333333332,25115.833333333332,78273
2021-09-08,20300.0,20350.0,19700.0,19750.0,20570.0,21210.0,24250.833333333332,25062.5,103435
2021-09-09,19600.0,19700.0,18800.0,19100.0,20180.0,21025.0,24133.333333333332,25004.166666666668,138191
2021-09-10,19100.0,19450.0,18800.0,19150.0,19800.0,20847.5,24020.833333333332,24952.5,65012
2021-09-13,19100.0,19100.0,18200.0,18400.0,19340.0,20657.5,23896.666666666668,24893.333333333332,99274
2021-09-14,18300.0,19100.0,18300.0,18600.0,19000.0,20537.5,23780.0,24837.5,84778
2021-09-15,18600.0,20450.0,18600.0,19800.0,19010.0,20447.5,23686.666666666668,24788.75,164871
2021-09-16,19850.0,19900.0,19150.0,19350.0,19060.0,20365.0,23592.5,24737.916666666668,52626
2021-09-17,19350.0,19350.0,18850.0,19150.0,19060.0,20310.0,23501.666666666668,24675.416666666668,47105
2021-09-23,19150.0,19150.0,18400.0,18800.0,19140.0,20235.0,23401.666666666668,24608.75,87024
2021-09-24,18700.0,19400.0,18600.0,18950.0,19210.0,20132.5,23316.666666666668,24545.833333333332,45105
2021-09-27,19000.0,19000.0,18200.0,18500.0,18950.0,19997.5,23210.0,24476.666666666668,57402
2021-09-28,18250.0,18500.0,17600.0,17750.0,18630.0,19780.0,23094.166666666668,24402.5,105551
2021-09-29,17100.0,17750.0,16100.0,17750.0,18350.0,19570.0,22978.333333333332,24329.166666666668,111285
2021-09-30,17500.0,18200.0,17500.0,17600.0,18110.0,19375.0,22848.333333333332,24246.666666666668,41574
2021-10-01,17600.0,17600.0,16900.0,17100.0,17740.0,19185.0,22706.666666666668,24142.083333333332,74746
2021-10-05,16900.0,16900.0,16150.0,16500.0,17340.0,18967.5,22563.333333333332,24046.666666666668,70228
2021-10-06,16350.0,17000.0,15950.0,15950.0,16980.0,18712.5,22415.0,23954.583333333332,81334
2021-10-07,16000.0,17050.0,16000.0,16900.0,16810.0,18505.0,22280.833333333332,23871.25,79331
2021-10-08,16900.0,17150.0,16550.0,16750.0,16640.0,18307.5,22153.333333333332,23786.666666666668,38210
2021-10-12,16800.0,17000.0,15950.0,16350.0,16490.0,18110.0,22014.166666666668,23701.25,50681
2021-10-13,16350.0,16950.0,16350.0,16600.0,16510.0,17952.5,21872.5,23621.25,53453
2021-10-14,17250.0,20950.0,17050.0,18800.0,17080.0,17937.5,21769.166666666668,23562.5,736043
2021-10-15,19200.0,19650.0,18600.0,19400.0,17580.0,17950.0,21639.166666666668,23503.333333333332,278927
2021-10-18,19700.0,20000.0,18800.0,19150.0,18060.0,17987.5,21489.166666666668,23447.083333333332,156716
2021-10-19,19200.0,20450.0,19200.0,20000.0,18790.0,18057.5,21344.166666666668,23397.916666666668,228856
2021-10-20,20050.0,20600.0,19600.0,19650.0,19400.0,18050.0,21202.5,23347.083333333332,136880
2021-10-21,20000.0,21000.0,19700.0,20500.0,19740.0,18107.5,21099.166666666668,23304.583333333332,215646
2021-10-22,20550.0,21650.0,20100.0,21450.0,20150.0,18222.5,21012.5,23272.916666666668,388278
2021-10-25,21600.0,21750.0,21150.0,21500.0,20620.0,18357.5,20895.833333333332,23239.166666666668,154417
2021-10-26,21500.0,21600.0,21150.0,21300.0,20880.0,18475.0,20769.166666666668,23209.166666666668,97665
2021-10-27,21350.0,21850.0,20550.0,21750.0,21300.0,18637.5,20654.166666666668,23189.166666666668,171096
2021-10-28,21450.0,21950.0,20850.0,20900.0,21380.0,18795.0,20547.5,23165.833333333332,147372
2021-10-29,21150.0,21950.0,20600.0,21550.0,21400.0,18985.0,20435.0,23137.083333333332,153118
2021-11-01,22000.0,25450.0,21600.0,24500.0,22000.0,19330.0,20392.5,23130.416666666668,1822828
2021-11-02,24600.0,27700.0,24350.0,25950.0,22930.0,19772.5,20395.0,23135.0,2894227
2021-11-03,26250.0,28400.0,25700.0,27250.0,24030.0,20310.0,20446.666666666668,23149.166666666668,2240880
2021-11-04,27250.0,28050.0,25200.0,26900.0,25230.0,20857.5,20497.5,23163.75,1099491
2021-11-05,26100.0,26650.0,24900.0,25500.0,26020.0,21287.5,20520.833333333332,23170.833333333332,659168
2021-11-08,25450.0,27450.0,24750.0,26550.0,26430.0,21777.5,20565.0,23190.833333333332,772281
2021-11-09,26850.0,29450.0,26350.0,29250.0,27090.0,22422.5,20645.833333333332,23233.333333333332,1935511
2021-11-10,29200.0,30650.0,26750.0,28000.0,27240.0,22992.5,20718.333333333332,23266.666666666668,1876102
2021-11-11,27800.0,29100.0,27050.0,28550.0,27570.0,23480.0,20814.166666666668,23302.5,894624
2021-11-12,29400.0,29500.0,27050.0,27150.0,27900.0,23867.5,20888.333333333332,23321.25,809286
2021-11-15,27150.0,28000.0,25850.0,27000.0,27990.0,24260.0,20968.333333333332,23339.166666666668,740358
2021-11-16,26600.0,29150.0,26100.0,29000.0,27940.0,24710.0,21101.666666666668,23367.083333333332,1304237
2021-11-17,31100.0,33100.0,29600.0,30950.0,28530.0,25275.0,21257.5,23408.333333333332,2602586
2021-11-18,31000.0,35000.0,29400.0,34500.0,29720.0,25975.0,21482.5,23481.25,3050275
2021-11-19,34100.0,34950.0,31750.0,33100.0,30910.0,26557.5,21696.666666666668,23540.0,1344712
2021-11-22,32350.0,32650.0,27550.0,28700.0,31250.0,26917.5,21836.666666666668,23563.75,1557283
2021-11-23,27550.0,29100.0,25700.0,26200.0,30690.0,27162.5,21923.333333333332,23568.75,1161680
2021-11-24,26200.0,27000.0,24800.0,26300.0,29760.0,27390.0,22008.333333333332,23572.5,873592
2021-11-25,26150.0,28200.0,26150.0,27800.0,28420.0,27735.0,22103.333333333332,23587.5,914254
2021-11-26,28150.0,28500.0,26000.0,26250.0,27050.0,27970.0,22175.0,23590.0,690043
2021-11-29,25250.0,29100.0,25100.0,27750.0,26860.0,28132.5,22279.166666666668,23600.833333333332,1267896
2021-11-30,28250.0,29500.0,26200.0,26750.0,26970.0,28172.5,22376.666666666668,23597.083333333332,865598
2021-12-01,27050.0,27250.0,25400.0,26350.0,26980.0,28127.5,22468.333333333332,23592.916666666668,724453
2021-12-02,25450.0,26400.0,24250.0,24850.0,26390.0,28025.0,22531.666666666668,23584.583333333332,633890
2021-12-03,25200.0,26100.0,24600.0,25550.0,26250.0,28027.5,22606.666666666668,23580.0,401610
2021-12-06,24950.0,25150.0,23900.0,24100.0,25520.0,27905.0,22663.333333333332,23559.583333333332,402152
2021-12-07,24400.0,24600.0,23550.0,23550.0,24880.0,27620.0,22717.5,23540.416666666668,277203
2021-12-08,23950.0,24550.0,23400.0,23500.0,24310.0,27395.0,22780.0,23515.416666666668,434076
2021-12-09,23800.0,24900.0,23650.0,24000.0,24140.0,27167.5,22861.666666666668,23497.5,475045
2021-12-10,23600.0,23900.0,23300.0,23400.0,23710.0,26980.0,22932.5,23476.666666666668,258517
2021-12-13,23450.0,23750.0,22250.0,22450.0,23380.0,26752.5,23000.0,23448.333333333332,330625
2021-12-14,22450.0,22850.0,22050.0,22300.0,23130.0,26417.5,23061.666666666668,23420.833333333332,200651
2021-12-15,22500.0,22850.0,21650.0,22100.0,22850.0,25975.0,23100.0,23393.333333333332,198383
2021-12-16,22550.0,23150.0,22200.0,22250.0,22500.0,25362.5,23148.333333333332,23370.416666666668,242909
2021-12-17,22300.0,23250.0,22150.0,22250.0,22270.0,24820.0,23200.0,23350.833333333332,203142
2021-12-20,22800.0,23550.0,22300.0,23100.0,22400.0,24540.0,23271.666666666668,23336.666666666668,374989
2021-12-21,24050.0,28950.0,23550.0,27700.0,23480.0,24615.0,23417.5,23367.083333333332,5136729
2021-12-22,27900.0,29750.0,27400.0,28200.0,24700.0,24710.0,23579.166666666668,23394.583333333332,1759866
2021-12-23,28500.0,29050.0,26700.0,28400.0,25930.0,24740.0,23756.666666666668,23425.416666666668,938227
2021-12-24,28000.0,28750.0,27550.0,27900.0,27060.0,24822.5,23925.833333333332,23452.083333333332,563169
2021-12-27,28150.0,28750.0,25800.0,26200.0,27680.0,24745.0,24069.166666666668,23458.75,639452
2021-12-28,26200.0,26750.0,25650.0,26200.0,27380.0,24717.5,24220.833333333332,23463.75,541510
2021-12-29,26600.0,27350.0,25900.0,26000.0,26940.0,24700.0,24379.166666666668,23471.25,501829
2021-12-30,25800.0,28300.0,25700.0,28000.0,26860.0,24857.5,24580.0,23497.5,828320
2022-01-04,29900.0,30350.0,28100.0,29150.0,27110.0,25037.5,24784.166666666668,23532.5,819613
2022-01-05,29150.0,29150.0,26800.0,27000.0,27270.0,25182.5,24955.0,23554.166666666668,649088
2022-01-06,26200.0,26600.0,24900.0,25250.0,27080.0,25267.5,25103.333333333332,23558.75,570903
2022-01-07,25600.0,26150.0,25150.0,25850.0,27050.0,25385.0,25257.5,23565.0,260154
2022-01-10,25300.0,26300.0,24350.0,25900.0,26630.0,25480.0,25375.833333333332,23572.5,297336
2022-01-11,25600.0,25900.0,23600.0,23800.0,25560.0,25500.0,25449.166666666668,23544.166666666668,514802
2022-01-12,24100.0,24450.0,23650.0,24150.0,24990.0,25585.0,25532.5,23510.833333333332,279823
2022-01-13,24150.0,24150.0,22750.0,23300.0,24600.0,25635.0,25587.5,23465.833333333332,264267
2022-01-14,22650.0,23000.0,22300.0,22650.0,23960.0,25662.5,25637.5,23420.0,222836
2022-01-17,22850.0,23000.0,22100.0,22450.0,23270.0,25672.5,25670.0,23384.583333333332,134560
2022-01-18,22200.0,23100.0,21700.0,21750.0,22860.0,25647.5,25675.0,23343.75,172451
2022-01-19,21100.0,23150.0,21100.0,21450.0,22320.0,25565.0,25674.166666666668,23285.0,473120
2022-01-20,21200.0,23100.0,21200.0,22950.0,22250.0,25327.5,25701.666666666668,23235.416666666668,200593
2022-01-21,22750.0,24550.0,22350.0,24000.0,22520.0,25117.5,25739.166666666668,23196.666666666668,505402
2022-01-24,23500.0,23600.0,22500.0,23050.0,22640.0,24850.0,25775.0,23161.25,219136
2022-01-25,23100.0,23450.0,21450.0,21600.0,22610.0,24535.0,25775.833333333332,23105.416666666668,232574
2022-01-26,21600.0,21600.0,21600.0,21600.0,22640.0,24305.0,25727.5,23060.0,0
2022-01-27,22100.0,22300.0,20400.0,21050.0,22260.0,24047.5,25645.833333333332,23020.416666666668,185560
2022-01-28,21050.0,21900.0,19700.0,21500.0,21760.0,23822.5,25550.0,22998.333333333332,206176
2022-02-03,22000.0,22300.0,21450.0,21550.0,21460.0,23500.0,25460.833333333332,22979.166666666668,151895
2022-02-04,21200.0,22500.0,21200.0,22300.0,21600.0,23157.5,25407.5,22964.166666666668,149888
2022-02-07,22650.0,24600.0,22350.0,24300.0,22140.0,23022.5,25370.0,22967.5,414592
2022-02-08,24300.0,24300.0,24300.0,24300.0,22790.0,22975.0,25287.5,22966.666666666668,0
2022-02-09,24300.0,24300.0,24300.0,24300.0,23350.0,22897.5,25225.833333333332,22972.083333333332,0
2022-02-10,22500.0,23100.0,21400.0,21500.0,23340.0,22677.5,25108.333333333332,22961.25,339502
2022-02-11,21300.0,22100.0,20700.0,21800.0,23240.0,22577.5,25019.166666666668,22953.75,202847
2022-02-14,21050.0,21500.0,20400.0,20500.0,22480.0,22395.0,24910.833333333332,22939.583333333332,172180
2022-02-15,20200.0,20800.0,19600.0,19900.0,21600.0,22225.0,24759.166666666668,22930.416666666668,185840
2022-02-16,20300.0,21050.0,20300.0,20900.0,20920.0,22137.5,24591.666666666668,22924.583333333332,92993
2022-02-17,21350.0,21400.0,19800.0,20450.0,20710.0,22037.5,24357.5,22920.0,164129
2022-02-18,19850.0,20650.0,19850.0,20250.0,20400.0,21962.5,24143.333333333332,22920.0,100482
2022-02-21,19600.0,20400.0,19600.0,20350.0,20370.0,21907.5,24004.166666666668,22920.416666666668,57605
2022-02-22,20000.0,20000.0,19550.0,19600.0,20310.0,21740.0,23894.166666666668,22908.75,104245
2022-02-23,19600.0,19600.0,19600.0,19600.0,20050.0,21520.0,23782.5,22895.416666666668,0
2022-02-24,19650.0,19650.0,18350.0,18600.0,19680.0,21297.5,23629.166666666668,22866.25,148032
2022-02-25,19050.0,19450.0,18950.0,19150.0,19460.0,21175.0,23510.833333333332,22842.916666666668,69513
2022-02-28,19150.0,19150.0,19150.0,19150.0,19220.0,21052.5,23367.5,22823.333333333332,0
2022-03-02,19700.0,20150.0,19500.0,20000.0,19300.0,21000.0,23255.0,22815.833333333332,61092
2022-03-03,20500.0,20500.0,20000.0,20300.0,19440.0,20940.0,23154.166666666668,22811.25,51957
2022-03-04,20300.0,20300.0,20300.0,20300.0,19780.0,20877.5,23078.333333333332,22805.0,0
2022-03-07,19500.0,19750.0,18700.0,19400.0,19830.0,20732.5,22975.833333333332,22791.25,51914
2022-03-08,19050.0,19650.0,19000.0,19300.0,19860.0,20482.5,22895.833333333332,22779.583333333332,42431
2022-03-10,19300.0,19300.0,19300.0,19300.0,19720.0,20232.5,22825.0,22771.25,0
2022-03-11,19600.0,20300.0,19500.0,19700.0,19600.0,20002.5,22761.666666666668,22770.833333333332,72739
2022-03-14,19700.0,19700.0,18600.0,18800.0,19300.0,19867.5,22675.0,22768.333333333332,139553
2022-03-15,18800.0,18800.0,18800.0,18800.0,19180.0,19717.5,22598.333333333332,22765.416666666668,0
2022-03-16,18800.0,18800.0,18800.0,18800.0,19080.0,19632.5,22537.5,22768.75,0
2022-03-17,18800.0,18800.0,18800.0,18800.0,18980.0,19577.5,22479.166666666668,22770.416666666668,0
2022-03-18,20450.0,20750.0,20100.0,20550.0,19150.0,19560.0,22453.333333333332,22776.666666666668,111529
2022-03-21,20550.0,20550.0,20550.0,20550.0,19500.0,19565.0,22425.0,22786.666666666668,0
2022-03-22,20000.0,20600.0,19900.0,20300.0,19800.0,19567.5,22392.5,22796.25,56980
2022-03-23,20550.0,21050.0,20400.0,20650.0,20170.0,19582.5,22351.666666666668,22811.666666666668,143631
2022-03-24,20400.0,20500.0,19750.0,20100.0,20430.0,19607.5,22225.0,22821.25,112329
2022-03-25,20500.0,20500.0,20100.0,20350.0,20390.0,19645.0,22094.166666666668,22836.666666666668,61820
2022-03-28,20300.0,20300.0,19800.0,19850.0,20250.0,19707.5,21951.666666666668,22854.166666666668,76987
2022-03-29,20050.0,20450.0,19900.0,20100.0,20210.0,19755.0,21821.666666666668,22873.75,66448
2022-03-30,20300.0,20350.0,19900.0,20000.0,20080.0,19797.5,21718.333333333332,22893.75,72053
2022-03-31,19900.0,20200.0,19850.0,19950.0,20050.0,19795.0,21614.166666666668,22917.5,73536
2022-04-01,20050.0,20050.0,19600.0,19700.0,19920.0,19765.0,21509.166666666668,22944.166666666668,70129
2022-04-04,19700.0,20000.0,19250.0,20000.0,19950.0,19750.0,21375.833333333332,22977.916666666668,73996
2022-04-05,20200.0,20350.0,19900.0,20200.0,19970.0,19790.0,21226.666666666668,23005.416666666668,69569
2022-04-06,20050.0,20800.0,19750.0,20100.0,19990.0,19830.0,21111.666666666668,23033.333333333332,164466
2022-04-07,19900.0,20000.0,19250.0,19300.0,19860.0,19830.0,21012.5,23057.916666666668,115678
2022-04-08,19350.0,19500.0,19000.0,19400.0,19800.0,19815.0,20905.0,23081.25,50678
2022-04-11,19400.0,19400.0,19050.0,19200.0,19640.0,19835.0,20793.333333333332,23084.583333333332,44004
2022-04-12,19200.0,19300.0,18800.0,19250.0,19450.0,19857.5,20717.5,23083.333333333332,54005
2022-04-13,19250.0,19300.0,19000.0,19250.0,19280.0,19880.0,20635.833333333332,23084.166666666668,54147
2022-04-14,19050.0,19400.0,19000.0,19050.0,19230.0,19892.5,20565.0,23076.25,47641
2022-04-15,18950.0,19050.0,18800.0,18950.0,19140.0,19812.5,20503.333333333332,23070.416666666668,48075
2022-04-18,18950.0,19100.0,18400.0,18600.0,19020.0,19715.0,20439.166666666668,23054.583333333332,49955
2022-04-19,18600.0,18800.0,18500.0,18600.0,18890.0,19630.0,20386.666666666668,23030.833333333332,44861
2022-04-20,18600.0,18800.0,18100.0,18300.0,18700.0,19512.5,20334.166666666668,23004.166666666668,56319
2022-04-21,18300.0,18600.0,17950.0,18150.0,18520.0,19415.0,20254.166666666668,22977.916666666668,67864
2022-04-22,18000.0,18000.0,17500.0,17750.0,18280.0,19285.0,20150.0,22944.583333333332,77834
2022-04-25,17450.0,17500.0,16750.0,16750.0,17910.0,19130.0,20045.0,22910.0,140347
2022-04-26,16800.0,17100.0,16800.0,16950.0,17580.0,18972.5,19967.5,22871.666666666668,51352
2022-04-27,16500.0,16600.0,16050.0,16600.0,17240.0,18802.5,19884.166666666668,22805.833333333332,64513
2022-04-28,16700.0,16800.0,16100.0,16300.0,16870.0,18620.0,19805.0,22725.416666666668,53175
2022-04-29,16300.0,16750.0,16050.0,16350.0,16590.0,18452.5,19719.166666666668,22634.583333333332,43389
2022-05-02,16200.0,16250.0,15900.0,16150.0,16470.0,18260.0,19629.166666666668,22545.0,44121
2022-05-03,16150.0,16400.0,16150.0,16350.0,16350.0,18067.5,19530.0,22468.75,32372
2022-05-04,16350.0,16400.0,15900.0,16100.0,16250.0,17867.5,19393.333333333332,22381.666666666668,40714
2022-05-06,15950.0,15950.0,15450.0,15600.0,16110.0,17682.5,19248.333333333332,22267.916666666668,49596
2022-05-10,14700.0,15050.0,14300.0,15000.0,15840.0,17462.5,19093.333333333332,22159.583333333332,58841
2022-05-11,15000.0,15150.0,14800.0,14950.0,15600.0,17250.0,18984.166666666668,22046.25,14456
2022-05-12,14700.0,14700.0,13850.0,13850.0,15100.0,16980.0,18851.666666666668,21935.416666666668,66110
2022-05-13,13850.0,14400.0,13850.0,14100.0,14700.0,16722.5,18745.0,21827.916666666668,45608
2022-05-16,14400.0,15000.0,14050.0,14050.0,14390.0,16472.5,18647.5,21703.333333333332,30713
2022-05-17,14100.0,14500.0,14050.0,14300.0,14250.0,16240.0,18537.5,21564.583333333332,21202
2022-05-18,14500.0,15200.0,14300.0,14500.0,14160.0,16035.0,18438.333333333332,21397.916666666668,64772
2022-05-19,14000.0,14150.0,13800.0,13950.0,14180.0,15802.5,18333.333333333332,21238.333333333332,45608
2022-05-20,13950.0,14800.0,13950.0,14700.0,14300.0,15622.5,18239.166666666668,21121.666666666668,44649
2022-05-23,14800.0,15250.0,14550.0,14850.0,14460.0,15457.5,18160.0,21027.083333333332,35843
2022-05-24,14800.0,14800.0,14350.0,14400.0,14480.0,15290.0,18073.333333333332,20927.916666666668,23878
2022-05-25,14400.0,14650.0,14100.0,14600.0,14500.0,15182.5,18006.666666666668,20817.916666666668,38108
2022-05-26,14600.0,15350.0,14350.0,14600.0,14630.0,15065.0,17930.833333333332,20720.833333333332,107040
2022-05-27,14700.0,17300.0,14700.0,15700.0,14830.0,15020.0,17873.333333333332,20620.416666666668,405267
2022-05-30,15900.0,16450.0,15850.0,16100.0,15080.0,15010.0,17808.333333333332,20531.666666666668,72916
2022-05-31,16050.0,16300.0,15700.0,15750.0,15350.0,14980.0,17732.5,20443.333333333332,182803
2022-06-02,15800.0,16100.0,15600.0,16000.0,15630.0,14972.5,17660.833333333332,20369.583333333332,39073
2022-06-03,16300.0,16300.0,15950.0,16200.0,15950.0,14965.0,17607.5,20291.666666666668,43143
2022-06-07,16000.0,16850.0,15650.0,16150.0,16040.0,14967.5,17555.0,20225.416666666668,72657
2022-06-08,16200.0,16350.0,15700.0,15800.0,15980.0,14977.5,17496.666666666668,20160.833333333332,41780
2022-06-09,15900.0,16000.0,14800.0,15300.0,15890.0,14992.5,17423.333333333332,20092.5,54597
2022-06-10,15250.0,15600.0,14850.0,15400.0,15770.0,15015.0,17366.666666666668,20020.833333333332,42950
2022-06-13,15050.0,15200.0,14300.0,14450.0,15420.0,15045.0,17294.166666666668,19946.25,62950
2022-06-14,13800.0,14350.0,13500.0,13750.0,14940.0,15027.5,17210.0,19873.75,82590
2022-06-15,13550.0,13850.0,12550.0,12850.0,14350.0,14967.5,17110.833333333332,19795.0,120990
2022-06-16,12850.0,13300.0,12700.0,12850.0,13860.0,14895.0,16982.5,19717.916666666668,64895
2022-06-17,12100.0,12750.0,12000.0,12550.0,13290.0,14797.5,16849.166666666668,19637.083333333332,77687
2022-06-20,12600.0,12600.0,11200.0,11500.0,12700.0,14675.0,16702.5,19547.5,108083
2022-06-21,11400.0,12500.0,11400.0,12050.0,12360.0,14542.5,16559.166666666668,19455.416666666668,92507
2022-06-22,12100.0,12300.0,11200.0,11200.0,12030.0,14360.0,16410.833333333332,19317.916666666668,52992
2022-06-23,11100.0,11250.0,10500.0,10500.0,11560.0,14165.0,16246.666666666666,19170.416666666668,78836
2022-06-24,10350.0,11450.0,10350.0,11450.0,11340.0,14007.5,16106.666666666666,19029.166666666668,73620
2022-06-27,11500.0,11950.0,11300.0,11700.0,11380.0,13862.5,15966.666666666666,18894.166666666668,42591
2022-06-28,11600.0,11950.0,11400.0,11500.0,11270.0,13652.5,15825.0,18771.666666666668,23218
2022-06-29,11100.0,11500.0,11000.0,11450.0,11320.0,13420.0,15683.333333333334,18648.75,26064
2022-06-30,11850.0,11850.0,11100.0,11300.0,11480.0,13197.5,15543.333333333334,18526.25,25245
2022-07-01,11400.0,11500.0,10800.0,11100.0,11410.0,12952.5,15395.0,18385.416666666668,30425
2022-07-04,10950.0,11100.0,10300.0,10900.0,11250.0,12687.5,15240.0,18233.333333333332,45397
2022-07-05,10900.0,11450.0,10900.0,11350.0,11220.0,12447.5,15094.166666666666,18102.916666666668,52441
2022-07-06,11150.0,11700.0,11150.0,11400.0,11210.0,12227.5,14962.5,17987.5,52566
2022-07-07,11700.0,11700.0,11450.0,11700.0,11290.0,12047.5,14834.166666666666,17869.583333333332,24145
2022-07-08,11800.0,11950.0,11650.0,11650.0,11400.0,11860.0,14708.333333333334,17750.833333333332,30678
2022-07-11,11800.0,12000.0,11600.0,11750.0,11570.0,11725.0,14583.333333333334,17650.416666666668,34745
2022-07-12,11750.0,11750.0,11750.0,11750.0,11650.0,11625.0,14458.333333333334,17547.083333333332,0
2022-07-13,12100.0,14600.0,11800.0,14600.0,12290.0,11712.5,14384.166666666666,17474.583333333332,690927
2022-07-14,15300.0,17400.0,15250.0,15500.0,13050.0,11845.0,14326.666666666666,17415.0,2869839
2022-07-15,15550.0,15750.0,14600.0,14750.0,13670.0,11955.0,14262.5,17350.833333333332,401937
2022-07-18,15000.0,15100.0,14150.0,14700.0,14260.0,12115.0,14197.5,17292.083333333332,261528
2022-07-19,14500.0,14800.0,14300.0,14800.0,14870.0,12252.5,14139.166666666666,17236.666666666668,144436
2022-07-20,15100.0,15200.0,14550.0,14700.0,14890.0,12427.5,14081.666666666666,17167.916666666668,283346
2022-07-21,15150.0,16150.0,14950.0,15350.0,14860.0,12670.0,14041.666666666666,17095.833333333332,789010
2022-07-22,15450.0,15450.0,14450.0,14450.0,14800.0,12820.0,14003.333333333334,17024.166666666668,193731
2022-07-25,14300.0,14900.0,14000.0,14850.0,14830.0,12977.5,13968.333333333334,16967.916666666668,118203
2022-07-26,14600.0,15200.0,14400.0,15100.0,14890.0,13157.5,13943.333333333334,16913.75,120012
2022-07-27,14950.0,15400.0,14700.0,14700.0,14890.0,13320.0,13916.666666666666,16860.833333333332,103384
2022-07-28,14900.0,14900.0,14450.0,14900.0,14800.0,13500.0,13892.5,16805.833333333332,72056
2022-07-29,14850.0,15350.0,14850.0,14950.0,14900.0,13692.5,13872.5,16750.833333333332,133103
2022-08-01,15000.0,16250.0,15000.0,16000.0,15130.0,13947.5,13866.666666666666,16698.333333333332,380001
2022-08-02,16800.0,16950.0,15200.0,15600.0,15230.0,14160.0,13858.333333333334,16625.833333333332,278142
2022-08-03,15650.0,15850.0,15450.0,15800.0,15450.0,14380.0,13861.666666666666,16555.0,98990
2022-08-04,15950.0,16100.0,15450.0,16000.0,15670.0,14595.0,13878.333333333334,16485.833333333332,145289
2022-08-05,16100.0,16150.0,15050.0,15500.0,15780.0,14787.5,13887.5,16435.833333333332,104553
2022-08-08,15300.0,15600.0,15100.0,15300.0,15640.0,14965.0,13911.666666666666,16381.666666666666,46390
2022-08-09,15500.0,15700.0,15200.0,15500.0,15620.0,15152.5,13935.0,16340.0,42524
2022-08-10,15500.0,15500.0,14750.0,14750.0,15410.0,15160.0,13946.666666666666,16297.083333333334,64983
2022-08-11,14950.0,15100.0,14750.0,14900.0,15190.0,15130.0,13956.666666666666,16247.083333333334,36383
2022-08-12,14750.0,14900.0,14650.0,14800.0,15050.0,15132.5,13961.666666666666,16200.0,26259
2022-08-16,14800.0,14900.0,14400.0,14450.0,14880.0,15120.0,13970.0,16151.666666666666,50688
2022-08-17,14050.0,14450.0,14000.0,14100.0,14600.0,15085.0,13960.0,16099.583333333334,65289
2022-08-18,14200.0,14200.0,13550.0,13850.0,14420.0,15042.5,13943.333333333334,16051.666666666666,69295
2022-08-19,13750.0,13900.0,13300.0,13400.0,14120.0,14945.0,13926.666666666666,16000.0,86979
2022-08-22,13050.0,13300.0,12850.0,12850.0,13730.0,14865.0,13897.5,15952.083333333334,45215
2022-08-23,12600.0,13050.0,12600.0,12750.0,13390.0,14760.0,13866.666666666666,15898.75,29714
2022-08-24,12950.0,12950.0,12350.0,12700.0,13110.0,14640.0,13816.666666666666,15845.0,44560
2022-08-25,12750.0,13100.0,12700.0,12950.0,12930.0,14552.5,13764.166666666666,15786.25,37626
2022-08-26,13000.0,13250.0,12800.0,12850.0,12820.0,14450.0,13715.833333333334,15724.166666666666,32112
2022-08-29,12450.0,12550.0,12150.0,12550.0,12760.0,14330.0,13658.333333333334,15659.583333333334,47789
2022-08-30,12400.0,12800.0,12350.0,12550.0,12720.0,14157.5,13597.5,15602.5,31066
2022-08-31,12550.0,12750.0,12300.0,12700.0,12720.0,14012.5,13540.0,15547.5,26819
2022-09-01,12450.0,13050.0,12450.0,12500.0,12630.0,13847.5,13485.0,15490.833333333334,44349
2022-09-02,12600.0,12700.0,12250.0,12250.0,12510.0,13660.0,13434.166666666666,15428.75,27156
2022-09-05,12200.0,12300.0,11850.0,11900.0,12380.0,13480.0,13375.833333333334,15371.25,30156
2022-09-06,11900.0,14550.0,11900.0,13500.0,12570.0,13390.0,13360.0,15327.083333333334,892645
2022-09-07,13550.0,13650.0,12550.0,12850.0,12600.0,13257.5,13345.0,15277.5,129482
2022-09-08,12750.0,13050.0,12350.0,12350.0,12570.0,13137.5,13336.666666666666,15223.75,75022
2022-09-13,12500.0,13100.0,12500.0,13000.0,12720.0,13042.5,13339.166666666666,15160.833333333334,72586
2022-09-14,12400.0,12850.0,12150.0,12750.0,12890.0,12940.0,13342.5,15095.833333333334,51750
2022-09-15,12750.0,13050.0,12350.0,12550.0,12700.0,12845.0,13360.0,15031.25,43816
2022-09-16,12450.0,12600.0,12200.0,12300.0,12590.0,12755.0,13364.166666666666,14961.666666666666,26040
2022-09-19,12350.0,12500.0,11750.0,11750.0,12470.0,12650.0,13373.333333333334,14892.083333333334,45491
2022-09-20,12050.0,12150.0,11700.0,11750.0,12220.0,12567.5,13394.166666666666,14820.416666666666,37667
2022-09-21,11750.0,12150.0,11400.0,12050.0,12080.0,12527.5,13404.166666666666,14755.416666666666,44510
2022-09-22,12000.0,12250.0,11550.0,12000.0,11970.0,12490.0,13409.166666666666,14687.916666666666,38640
2022-09-23,12300.0,12300.0,11100.0,11500.0,11810.0,12430.0,13409.166666666666,14617.083333333334,69750
2022-09-26,11100.0,11750.0,11100.0,11450.0,11750.0,12355.0,13409.166666666666,14546.25,56823
2022-09-27,11350.0,11700.0,11250.0,11450.0,11690.0,12285.0,13411.666666666666,14477.5,46735
2022-09-28,11300.0,11800.0,11300.0,11650.0,11610.0,12240.0,13420.833333333334,14407.916666666666,46378
2022-09-29,12000.0,12000.0,11650.0,11750.0,11560.0,12200.0,13435.0,14337.5,36078
2022-09-30,11700.0,13500.0,11700.0,12300.0,11720.0,12180.0,13450.833333333334,14272.5,291207
2022-10-04,12500.0,12700.0,12100.0,12350.0,11900.0,12172.5,13466.666666666666,14214.583333333334,44388
2022-10-05,12400.0,12550.0,11750.0,11850.0,11980.0,12152.5,13469.166666666666,14151.666666666666,43614
2022-10-06,11750.0,12150.0,11750.0,11900.0,12030.0,12152.5,13473.333333333334,14090.833333333334,26954
2022-10-07,11800.0,12550.0,11750.0,11950.0,12070.0,12075.0,13476.666666666666,14030.0,43810
2022-10-11,11950.0,11950.0,11200.0,11450.0,11900.0,12005.0,13471.666666666666,13965.0,38540
2022-10-12,11450.0,11850.0,11200.0,11700.0,11770.0,11972.5,13423.333333333334,13903.75,30026
2022-10-13,12050.0,12150.0,11550.0,12050.0,11810.0,11925.0,13365.833333333334,13846.25,42979
2022-10-14,12050.0,12700.0,12050.0,12650.0,11960.0,11920.0,13330.833333333334,13796.666666666666,63830
2022-10-17,12600.0,12600.0,11800.0,12400.0,12050.0,11912.5,13292.5,13745.0,48964
2022-10-18,12450.0,13000.0,12300.0,12500.0,12260.0,11922.5,13254.166666666666,13696.666666666666,86780
2022-10-19,12600.0,13100.0,12050.0,12400.0,12400.0,11955.0,13215.833333333334,13648.75,73206
2022-10-20,12200.0,12500.0,11750.0,11900.0,12370.0,11962.5,13158.333333333334,13600.0,52912
2022-10-21,11900.0,12000.0,11600.0,12000.0,12240.0,11960.0,13117.5,13560.416666666666,32702
2022-10-24,12200.0,14550.0,12050.0,14300.0,12620.0,12075.0,13108.333333333334,13538.333333333334,682469
2022-10-25,14300.0,14500.0,13800.0,13850.0,12890.0,12192.5,13087.5,13515.416666666666,159922
2022-10-26,13800.0,13850.0,13200.0,13400.0,13090.0,12290.0,13065.833333333334,13491.25,120110
2022-10-27,13350.0,13850.0,13200.0,13500.0,13410.0,12392.5,13042.5,13467.5,125498
2022-10-28,13250.0,13500.0,12800.0,13050.0,13620.0,12462.5,13010.833333333334,13441.666666666666,74571
2022-10-31,13050.0,13300.0,12250.0,12600.0,13280.0,12505.0,12954.166666666666,13410.416666666666,183451
2022-11-01,12600.0,12900.0,12300.0,12800.0,13070.0,12530.0,12907.5,13382.916666666666,124665
2022-11-02,12700.0,13200.0,12550.0,13100.0,13010.0,12567.5,12862.5,13362.083333333334,94816
2022-11-03,12800.0,12800.0,12400.0,12600.0,12830.0,12605.0,12805.833333333334,13342.083333333334,87442
2022-11-04,12450.0,12800.0,12400.0,12650.0,12750.0,12642.5,12758.333333333334,13322.916666666666,59792
2022-11-07,12750.0,12900.0,12500.0,12600.0,12750.0,12675.0,12713.333333333334,13312.5,78180
2022-11-08,12900.0,13250.0,12700.0,12800.0,12750.0,12742.5,12668.333333333334,13301.666666666666,135545
2022-11-09,12800.0,13100.0,12600.0,12600.0,12650.0,12787.5,12632.5,13289.583333333334,52791
2022-11-10,12400.0,12700.0,12350.0,12600.0,12650.0,12815.0,12594.166666666666,13275.416666666666,44096
2022-11-11,13050.0,13450.0,12800.0,13050.0,12730.0,12835.0,12565.0,13263.333333333334,238126
2022-11-14,13050.0,13050.0,12600.0,12750.0,12760.0,12852.5,12536.666666666666,13253.333333333334,88052
2022-11-15,12750.0,13200.0,12500.0,13100.0,12820.0,12882.5,12520.0,13240.0,75362
2022-11-16,13300.0,13300.0,12850.0,12950.0,12890.0,12910.0,12505.0,13224.166666666666,55645
2022-11-17,12950.0,13700.0,12900.0,13450.0,13060.0,12987.5,12505.833333333334,13216.25,200791
2022-11-18,13450.0,14000.0,13250.0,13750.0,13200.0,13075.0,12520.833333333334,13209.166666666666,128041
2022-11-21,13800.0,13800.0,13000.0,13100.0,13270.0,13015.0,12526.666666666666,13196.666666666666,74485
2022-11-22,12800.0,13000.0,12400.0,12550.0,13160.0,12950.0,12524.166666666666,13170.416666666666,131279
2022-11-23,12800.0,13050.0,12600.0,12700.0,13110.0,12915.0,12520.0,13142.083333333334,156291
2022-11-24,12800.0,13000.0,12600.0,12700.0,12960.0,12875.0,12517.5,13116.666666666666,139698
2022-11-25,12350.0,12350.0,11800.0,12150.0,12640.0,12830.0,12510.833333333334,13084.583333333334,136747
2022-11-28,12150.0,12200.0,11800.0,12000.0,12420.0,12800.0,12501.666666666666,13049.583333333334,36873
2022-11-29,11900.0,12250.0,11800.0,12100.0,12330.0,12765.0,12491.666666666666,13015.833333333334,36899
2022-11-30,12100.0,12250.0,12000.0,12100.0,12210.0,12715.0,12485.0,12985.0,24613
2022-12-01,12350.0,12350.0,12100.0,12150.0,12100.0,12692.5,12483.333333333334,12958.75,52698
2022-12-02,12150.0,12350.0,12000.0,12100.0,12090.0,12665.0,12486.666666666666,12931.25,55360
2022-12-05,12200.0,12350.0,11950.0,12000.0,12090.0,12635.0,12461.666666666666,12910.833333333334,90961
2022-12-06,11750.0,11900.0,11700.0,11750.0,12020.0,12582.5,12443.333333333334,12894.166666666666,37907
2022-12-07,11750.0,12000.0,11350.0,11600.0,11920.0,12532.5,12430.833333333334,12883.75,74745
2022-12-08,11450.0,11600.0,11300.0,11600.0,11810.0,12482.5,12407.5,12873.333333333334,35613
2022-12-09,11450.0,11900.0,11450.0,11800.0,11750.0,12420.0,12391.666666666666,12867.083333333334,48288
2022-12-12,11800.0,11900.0,11600.0,11750.0,11700.0,12370.0,12378.333333333334,12869.166666666666,20013
2022-12-13,11750.0,11900.0,11650.0,11900.0,11730.0,12310.0,12371.666666666666,12867.916666666666,32272
2022-12-14,11900.0,12550.0,11700.0,12550.0,11920.0,12290.0,12385.0,12879.166666666666,122641
2022-12-15,12500.0,12500.0,11850.0,11900.0,11980.0,12212.5,12387.5,12890.833333333334,57026
2022-12-16,11800.0,11850.0,11600.0,11650.0,11950.0,12107.5,12380.833333333334,12892.5,28987
2022-12-19,11600.0,11750.0,11250.0,11350.0,11870.0,12020.0,12370.0,12889.583333333334,66905
2022-12-20,11200.0,11350.0,10950.0,11050.0,11700.0,11945.0,12362.5,12885.833333333334,53311
2022-12-21,11150.0,11150.0,10950.0,10950.0,11380.0,11857.5,12354.166666666666,12881.666666666666,19735
2022-12-22,10950.0,11100.0,10950.0,11000.0,11200.0,11772.5,12346.666666666666,12879.166666666666,10751
2022-12-23,10900.0,10900.0,10600.0,10600.0,10990.0,11695.0,12329.166666666666,12875.0,34891
2022-12-26,10500.0,10550.0,10250.0,10250.0,10770.0,11607.5,12304.166666666666,12869.583333333334,56437
2022-12-27,10150.0,10500.0,10150.0,10300.0,10620.0,11517.5,12270.833333333334,12860.833333333334,41060
2022-12-28,10400.0,10800.0,10300.0,10450.0,10520.0,11435.0,12239.166666666666,12852.916666666666,29539
2022-12-29,11000.0,11600.0,10500.0,10500.0,10420.0,11352.5,12216.666666666666,12842.916666666666,134436
2023-01-02,10600.0,11250.0,10600.0,10900.0,10480.0,11292.5,12200.0,12836.666666666666,68623
2023-01-03,10600.0,11000.0,10600.0,11000.0,10630.0,11242.5,12184.166666666666,12830.416666666666,25842
2023-01-04,11000.0,11050.0,10800.0,11000.0,10770.0,11205.0,12176.666666666666,12824.166666666666,26476
2023-01-05,11150.0,11150.0,10600.0,10650.0,10810.0,11157.5,12159.166666666666,12791.25,38693
2023-01-06,10550.0,10800.0,10450.0,10700.0,10850.0,11112.5,12136.666666666666,12751.25,25024
2023-01-09,10800.0,11150.0,10800.0,11100.0,10890.0,11077.5,12110.833333333334,12720.833333333334,52245
2023-01-10,11100.0,11850.0,11100.0,11400.0,10970.0,11060.0,12094.166666666666,12693.333333333334,163756
2023-01-11,11600.0,11600.0,11300.0,11450.0,11060.0,11037.5,12076.666666666666,12665.416666666666,44640
2023-01-12,11500.0,11550.0,11000.0,11400.0,11210.0,10980.0,12060.0,12637.916666666666,45329
2023-01-13,11400.0,11600.0,11300.0,11350.0,11340.0,10952.5,12050.833333333334,12604.583333333334,25681
2023-01-16,11550.0,12100.0,11500.0,11600.0,11440.0,10950.0,12044.166666666666,12580.833333333334,275439
2023-01-17,11750.0,11750.0,11050.0,11400.0,11440.0,10952.5,11995.833333333334,12552.083333333334,138860
2023-01-18,11450.0,11900.0,11100.0,11250.0,11400.0,10962.5,11952.5,12520.0,159297
2023-01-19,11250.0,11250.0,10950.0,11050.0,11330.0,10967.5,11913.333333333334,12489.583333333334,53254
2023-01-20,11050.0,11100.0,10650.0,10900.0,11240.0,10962.5,11870.0,12456.25,97806
2023-01-25,11000.0,11160.0,10910.0,11010.0,11122.0,10983.0,11836.0,12423.416666666666,375
2023-01-26,11160.0,11250.0,10870.0,11120.0,11066.0,11026.5,11811.333333333334,12382.75,138
2023-01-27,11130.0,11260.0,11130.0,11210.0,11058.0,11072.0,11784.833333333334,12346.166666666666,367
2023-01-30,11260.0,11360.0,10930.0,10940.0,11036.0,11096.5,11748.833333333334,12305.666666666666,1263
2023-01-31,10930.0,10940.0,10700.0,10770.0,11010.0,11110.0,11718.333333333334,12262.083333333334,49375
2023-02-01,10780.0,10970.0,10780.0,10960.0,11000.0,11113.0,11690.166666666666,12224.25,1519
2023-02-02,11010.0,11590.0,10850.0,11400.0,11056.0,11133.0,11670.166666666666,12191.75,668
2023-02-03,11590.0,11700.0,11380.0,11440.0,11102.0,11155.0,11647.5,12157.916666666666,147789
2023-02-06,11480.0,11590.0,11050.0,11110.0,11136.0,11178.0,11622.666666666666,12127.583333333334,426
2023-02-07,11110.0,11240.0,10960.0,10990.0,11180.0,11192.5,11595.833333333334,12095.0,499
2023-02-08,11020.0,11480.0,11020.0,11500.0,11288.0,11212.5,11570.0,12067.5,1217
2023-02-09,11420.0,11440.0,11180.0,11350.0,11278.0,11210.0,11546.666666666666,12041.666666666666,101
2023-02-10,11260.0,11260.0,10840.0,10890.0,11168.0,11182.0,11509.833333333334,12014.916666666666,584
2023-02-13,10890.0,10890.0,10610.0,10720.0,11090.0,11148.0,11472.666666666666,11988.833333333334,60304
2023-02-14,10850.0,10960.0,10690.0,10880.0,11068.0,11124.5,11429.833333333334,11967.833333333334,149
2023-02-15,10890.0,10930.0,10450.0,10570.0,10882.0,11073.0,11376.833333333334,11948.833333333334,58
2023-02-16,10720.0,10990.0,10670.0,10750.0,10762.0,11040.5,11337.666666666666,11932.166666666666,487
2023-02-17,10710.0,10710.0,10500.0,10610.0,10706.0,11008.5,11305.333333333334,11914.75,50075
2023-02-20,10600.0,10780.0,10490.0,10720.0,10706.0,10992.0,11272.333333333334,11896.166666666666,55
2023-02-21,10720.0,10770.0,10630.0,10710.0,10672.0,10982.5,11239.166666666666,11878.333333333334,39076
2023-02-22,10570.0,10570.0,10470.0,10510.0,10660.0,10957.5,11211.833333333334,11861.333333333334,48
2023-02-23,10580.0,10650.0,10470.0,10540.0,10618.0,10928.5,11187.5,11844.583333333334,133
2023-02-24,10760.0,10760.0,10300.0,10520.0,10600.0,10894.0,11161.166666666666,11826.416666666666,448
2023-02-27,10190.0,10290.0,10090.0,10240.0,10504.0,10859.0,11130.166666666666,11807.583333333334,75743
2023-02-28,10210.0,10440.0,10210.0,10350.0,10432.0,10838.0,11100.166666666666,11791.75,37164
2023-03-02,10350.0,10350.0,10180.0,10300.0,10390.0,10805.0,11070.166666666666,11778.416666666666,40285
2023-03-03,10240.0,10380.0,10160.0,10300.0,10342.0,10750.0,11041.833333333334,11751.75,31327
2023-03-06,10260.0,10400.0,10200.0,10360.0,10310.0,10696.0,11018.666666666666,11731.0,41021
2023-03-07,10360.0,10610.0,10200.0,10510.0,10364.0,10666.0,11000.5,11715.666666666666,66096
2023-03-08,10350.0,10970.0,10320.0,10880.0,10470.0,10660.5,10988.5,11698.0,160269
2023-03-09,10750.0,10950.0,10620.0,10900.0,10590.0,10630.5,10973.5,11682.583333333334,99192
2023-03-10,10530.0,10840.0,10530.0,10740.0,10678.0,10600.0,10956.666666666666,11667.5,60921
2023-03-13,10650.0,10750.0,10350.0,10620.0,10730.0,10586.5,10935.333333333334,11653.5,41694
2023-03-14,10430.0,10620.0,10080.0,10190.0,10666.0,10560.0,10896.0,11640.5,80097
2023-03-15,10350.0,10400.0,10190.0,10250.0,10540.0,10528.5,10868.5,11628.0,28017
2023-03-16,10090.0,10250.0,9800.0,9990.0,10358.0,10499.5,10840.833333333334,11610.833333333334,67905
2023-03-17,10200.0,10200.0,9950.0,10110.0,10232.0,10467.5,10820.166666666666,11595.083333333334,48213
2023-03-20,10110.0,10230.0,10020.0,10160.0,10140.0,10445.0,10805.333333333334,11583.916666666666,28251
2023-03-21,10250.0,10560.0,10250.0,10430.0,10188.0,10430.5,10796.666666666666,11575.416666666666,74193
2023-03-22,10430.0,10570.0,10300.0,10420.0,10222.0,10416.0,10787.0,11566.833333333334,39808
2023-03-23,10570.0,10570.0,10140.0,10360.0,10296.0,10408.5,10783.0,11556.083333333334,54211
2023-03-24,10180.0,10360.0,10160.0,10350.0,10344.0,10399.0,10784.666666666666,11544.416666666666,39519
2023-03-27,10340.0,10340.0,10000.0,10160.0,10344.0,10381.0,10782.333333333334,11526.583333333334,34722
2023-03-28,10150.0,10300.0,10070.0,10210.0,10300.0,10379.5,10778.333333333334,11508.75,26923
2023-03-29,10210.0,10210.0,10050.0,10090.0,10234.0,10366.5,10771.5,11494.083333333334,30439
2023-03-30,10110.0,10160.0,10000.0,10010.0,10164.0,10352.0,10756.666666666666,11478.333333333334,42366
2023-03-31,10140.0,10140.0,9880.0,10050.0,10104.0,10339.5,10740.833333333334,11462.5,55050
2023-04-03,10050.0,10050.0,9800.0,9860.0,10044.0,10314.5,10721.833333333334,11449.25,68910
2023-04-04,9900.0,10550.0,9810.0,10200.0,10042.0,10299.0,10714.333333333334,11436.75,101453
2023-04-05,10100.0,10480.0,10100.0,10230.0,10070.0,10266.5,10706.5,11421.583333333334,46739
2023-04-06,10210.0,10210.0,9940.0,10020.0,10072.0,10222.5,10688.5,11399.666666666666,43209
2023-04-07,10030.0,10080.0,9950.0,10020.0,10066.0,10186.5,10665.5,11379.833333333334,19316
2023-04-10,10000.0,10000.0,9780.0,9790.0,10052.0,10145.0,10637.833333333334,11357.25,71854
2023-04-11,9820.0,9890.0,9630.0,9790.0,9970.0,10125.0,10611.0,11335.5,60141
2023-04-12,9790.0,9870.0,9710.0,9780.0,9880.0,10101.5,10584.833333333334,11317.833333333334,40763
2023-04-13,9710.0,9860.0,9660.0,9770.0,9830.0,10090.5,10554.333333333334,11299.25,45924
2023-04-14,9700.0,10130.0,9700.0,9970.0,9820.0,10083.5,10530.5,11263.166666666666,83703
2023-04-17,10120.0,10120.0,9810.0,9850.0,9832.0,10068.0,10507.166666666666,11229.833333333334,31621
2023-04-18,9950.0,9950.0,9730.0,9750.0,9824.0,10034.0,10485.5,11199.416666666666,44506
2023-04-19,9750.0,9830.0,9650.0,9680.0,9804.0,9997.0,10465.166666666666,11167.583333333334,52478
2023-04-20,9720.0,9730.0,9600.0,9610.0,9772.0,9959.5,10441.833333333334,11138.916666666666,34494
2023-04-21,9750.0,9750.0,9130.0,9270.0,9632.0,9905.5,10411.0,11111.166666666666,100081
2023-04-24,9270.0,9400.0,9040.0,9040.0,9470.0,9849.5,10374.833333333334,11079.833333333334,83133
2023-04-25,9220.0,9220.0,8810.0,8960.0,9312.0,9787.0,10341.833333333334,11045.333333333334,45822
2023-04-26,8940.0,9040.0,8730.0,8870.0,9150.0,9726.0,10310.166666666666,11014.25,39061
2023-04-27,8870.0,8960.0,8750.0,8850.0,8998.0,9668.0,10275.0,10982.583333333334,27405
2023-04-28,8850.0,9030.0,8760.0,8820.0,8908.0,9606.5,10232.0,10951.083333333334,44885
2023-05-02,8820.0,8920.0,8800.0,8910.0,8882.0,9559.0,10189.833333333334,10918.666666666666,35086
2023-05-03,8910.0,8980.0,8820.0,8820.0,8854.0,9490.0,10151.666666666666,10887.166666666666,25424
2023-05-04,8820.0,8900.0,8690.0,8730.0,8826.0,9415.0,10114.0,10854.916666666666,28339
2023-05-08,8770.0,8870.0,8760.0,8800.0,8816.0,9354.0,10069.0,10819.5,23548
2023-05-09,8730.0,8890.0,8540.0,8780.0,8808.0,9292.0,10026.166666666666,10786.416666666666,43273
2023-05-10,8900.0,8900.0,8710.0,8750.0,8776.0,9240.0,9990.5,10750.166666666666,33029
2023-05-11,8660.0,8800.0,8660.0,8740.0,8760.0,9187.5,9957.5,10715.083333333334,11314
2023-05-12,8730.0,8820.0,8660.0,8790.0,8772.0,9138.0,9922.666666666666,10676.25,26585
2023-05-15,8790.0,8860.0,8590.0,8630.0,8738.0,9081.0,9890.333333333334,10633.583333333334,24214
2023-05-16,8860.0,8860.0,8450.0,8480.0,8678.0,9006.5,9852.5,10595.083333333334,54810
2023-05-17,8480.0,8750.0,8430.0,8700.0,8668.0,8949.0,9820.666666666666,10563.0,33820
2023-05-18,8710.0,8800.0,8670.0,8770.0,8674.0,8900.0,9788.166666666666,10530.25,23266
2023-05-19,8770.0,8940.0,8700.0,8810.0,8678.0,8856.5,9756.5,10497.833333333334,25224
2023-05-22,8800.0,8920.0,8730.0,8900.0,8732.0,8821.0,9729.666666666666,10470.75,21091
2023-05-23,9080.0,9080.0,8870.0,8870.0,8810.0,8801.0,9701.833333333334,10444.666666666666,28452
2023-05-24,8870.0,8910.0,8640.0,8750.0,8820.0,8786.5,9672.333333333334,10416.75,39291
2023-05-25,8880.0,8880.0,8750.0,8770.0,8820.0,8777.0,9647.833333333334,10389.0,17017
2023-05-26,8830.0,8830.0,8660.0,8770.0,8812.0,8772.0,9621.5,10360.833333333334,29378
2023-05-30,8770.0,8790.0,8640.0,8790.0,8790.0,8769.0,9596.333333333334,10333.25,21306
2023-05-31,8700.0,8800.0,8690.0,8780.0,8772.0,8767.0,9571.0,10306.416666666666,16782
2023-06-01,8780.0,9760.0,8660.0,9330.0,8888.0,8788.0,9553.833333333334,10286.25,231010
2023-06-02,9330.0,9450.0,9060.0,9280.0,8990.0,8811.0,9533.333333333334,10266.916666666666,39184
2023-06-05,9250.0,9350.0,9060.0,9280.0,9092.0,8838.5,9506.666666666666,10247.583333333334,45108
2023-06-07,9280.0,9850.0,9280.0,9750.0,9284.0,8886.0,9487.5,10230.5,125851
2023-06-08,9730.0,9730.0,9520.0,9680.0,9464.0,8931.0,9469.833333333334,10213.25,39327
2023-06-09,9690.0,9940.0,9600.0,9740.0,9546.0,8980.5,9455.166666666666,10195.25,104033
2023-06-12,9740.0,9790.0,9540.0,9550.0,9600.0,9021.0,9444.5,10170.25,40440
2023-06-13,9550.0,9620.0,9400.0,9530.0,9650.0,9058.0,9432.5,10150.5,55663
2023-06-14,9530.0,9650.0,9070.0,9190.0,9538.0,9086.0,9419.166666666666,10130.0,88691
2023-06-15,9200.0,9240.0,8890.0,9160.0,9434.0,9120.0,9403.333333333334,10111.75,52866
2023-06-16,9160.0,9300.0,9060.0,9100.0,9306.0,9140.0,9385.666666666666,10095.5,28752
2023-06-19,9160.0,9160.0,8800.0,8850.0,9166.0,9144.0,9359.333333333334,10078.0,63308
2023-06-20,8940.0,9100.0,8830.0,8900.0,9040.0,9148.5,9334.0,10060.5,28691
2023-06-21,8950.0,9070.0,8880.0,8890.0,8980.0,9148.0,9309.5,10046.25,27496
2023-06-22,8880.0,8950.0,8820.0,8900.0,8928.0,9149.5,9285.333333333334,10035.0,16337
2023-06-23,8830.0,9010.0,8710.0,8720.0,8852.0,9148.0,9261.333333333334,10021.833333333334,32653
2023-06-26,8720.0,8740.0,8410.0,8600.0,8802.0,9139.5,9234.5,10006.416666666666,59048
2023-06-27,8510.0,8740.0,8450.0,8450.0,8712.0,9123.5,9207.166666666666,9989.333333333334,21389
2023-06-28,8550.0,8600.0,8200.0,8390.0,8612.0,9103.5,9180.166666666666,9968.416666666666,57738
2023-06-29,8390.0,8440.0,8070.0,8300.0,8492.0,9079.5,9151.0,9945.916666666666,61210
2023-06-30,8300.0,8300.0,7500.0,7940.0,8336.0,9010.0,9119.0,9920.416666666666,98432
2023-07-03,7940.0,8150.0,7940.0,8140.0,8244.0,8953.0,9084.666666666666,9899.5,25644
2023-07-04,8110.0,8110.0,7870.0,7900.0,8134.0,8884.0,9045.833333333334,9876.166666666666,32283
2023-07-05,7890.0,7900.0,7700.0,7710.0,7998.0,8782.0,9007.333333333334,9847.916666666666,27928
2023-07-06,7670.0,7740.0,7400.0,7470.0,7832.0,8671.5,8964.833333333334,9815.166666666666,48850
2023-07-07,7450.0,7610.0,7440.0,7600.0,7764.0,8564.5,8928.333333333334,9783.083333333334,17489
2023-07-10,7600.0,7610.0,7350.0,7510.0,7638.0,8462.5,8890.333333333334,9750.666666666666,33851
2023-07-11,7410.0,7590.0,7400.0,7500.0,7558.0,8361.0,8852.333333333334,9718.583333333334,32483
2023-07-12,7500.0,7600.0,7430.0,7600.0,7536.0,8281.5,8816.166666666666,9685.25,33479
2023-07-13,7620.0,8990.0,7620.0,8240.0,7690.0,8235.5,8787.333333333334,9658.916666666666,308924
2023-07-14,8400.0,8400.0,8140.0,8340.0,7838.0,8197.5,8762.166666666666,9634.666666666666,44797
2023-07-17,8340.0,8750.0,8190.0,8610.0,8058.0,8185.5,8743.166666666666,9614.333333333334,76091
2023-07-18,8610.0,8860.0,8440.0,8500.0,8258.0,8165.5,8723.5,9594.333333333334,44268
2023-07-19,8590.0,8670.0,8400.0,8640.0,8466.0,8153.0,8707.333333333334,9574.583333333334,42691
2023-07-20,8690.0,9200.0,8490.0,8950.0,8608.0,8155.5,8702.0,9556.5,97784
2023-07-21,8610.0,9030.0,8310.0,8780.0,8696.0,8158.5,8697.666666666666,9536.25,75496
2023-07-24,8700.0,8700.0,7690.0,7700.0,8514.0,8113.5,8676.666666666666,9509.25,160833
2023-07-25,7660.0,7660.0,6910.0,7350.0,8284.0,8058.5,8651.333333333334,9480.75,190380
2023-07-26,7110.0,7320.0,6370.0,6590.0,7874.0,7968.5,8613.666666666666,9444.333333333334,161645
2023-07-27,6520.0,7240.0,6520.0,6990.0,7482.0,7903.0,8583.166666666666,9407.583333333334,133188
2023-07-28,7190.0,7400.0,7000.0,7110.0,7148.0,7861.5,8553.166666666666,9371.5,70903
2023-07-31,7100.0,7140.0,6850.0,7130.0,7034.0,7811.0,8525.0,9338.333333333334,40374
2023-08-01,7180.0,7600.0,7130.0,7430.0,7050.0,7787.5,8503.333333333334,9308.666666666666,62366
2023-08-02,7510.0,7510.0,7130.0,7340.0,7200.0,7769.0,8479.0,9274.0,37653
2023-08-03,7330.0,7470.0,7050.0,7460.0,7294.0,7768.5,8457.0,9241.583333333334,53271
2023-08-04,7460.0,7990.0,7460.0,7940.0,7460.0,7785.5,8443.5,9217.0,117562
2023-08-07,8090.0,8150.0,7810.0,7880.0,7610.0,7804.0,8429.166666666666,9193.333333333334,73103
2023-08-08,7810.0,7870.0,7590.0,7800.0,7684.0,7819.0,8412.666666666666,9167.666666666666,46042
2023-08-09,7800.0,7920.0,7710.0,7770.0,7770.0,7827.5,8398.333333333334,9144.333333333334,49976
2023-08-10,7800.0,8030.0,7700.0,7980.0,7874.0,7814.5,8390.0,9121.25,44469
2023-08-11,7920.0,8430.0,7880.0,8180.0,7922.0,7806.5,8381.333333333334,9101.0,83180
2023-08-14,8220.0,8220.0,7840.0,8180.0,7982.0,7785.0,8371.5,9079.833333333334,57740
2023-08-16,8160.0,8160.0,7570.0,7730.0,7968.0,7746.5,8353.5,9055.0,75325
2023-08-17,7700.0,7850.0,7480.0,7810.0,7976.0,7705.0,8335.333333333334,9032.5,60160
2023-08-18,7790.0,7800.0,7530.0,7640.0,7908.0,7639.5,8314.833333333334,9008.333333333334,38797
2023-08-21,7630.0,7890.0,7620.0,7730.0,7818.0,7587.0,8297.833333333334,8985.083333333334,47308
2023-08-22,7730.0,8050.0,7600.0,7900.0,7762.0,7597.0,8283.333333333334,8965.583333333334,45640
2023-08-23,7930.0,8030.0,7770.0,7820.0,7780.0,7620.5,8267.5,8944.5,28590
2023-08-24,8000.0,8150.0,7830.0,8010.0,7820.0,7691.5,8254.5,8925.416666666666,28169
2023-08-25,8000.0,8240.0,7920.0,8070.0,7906.0,7745.5,8242.666666666666,8906.833333333334,31407
2023-08-28,8280.0,9530.0,8210.0,9480.0,8256.0,7864.0,8245.166666666666,8899.5,504000
2023-08-29,9550.0,9590.0,8990.0,9340.0,8544.0,7974.5,8246.166666666666,8889.75,239088
2023-08-30,9450.0,10460.0,9200.0,10240.0,9028.0,8115.0,8262.166666666666,8884.416666666666,358696
2023-08-31,10190.0,10330.0,9900.0,10070.0,9440.0,8251.5,8267.5,8877.5,134419
2023-09-01,10360.0,11500.0,10360.0,11000.0,10026.0,8428.5,8289.5,8879.666666666666,702511
2023-09-04,11200.0,14240.0,11010.0,13340.0,10798.0,8698.5,8349.5,8902.333333333334,1676508
2023-09-05,13190.0,13810.0,12960.0,13240.0,11578.0,8966.5,8411.0,8927.75,561497
2023-09-06,13340.0,14500.0,12720.0,12800.0,12090.0,9216.5,8465.5,8949.0,573165
2023-09-07,12750.0,13050.0,11300.0,11380.0,12352.0,9397.0,8502.0,8960.583333333334,569308
2023-09-08,11550.0,12350.0,11370.0,11900.0,12532.0,9593.0,8547.666666666666,8975.5,593247
2023-09-11,12100.0,14250.0,12100.0,13170.0,12498.0,9842.5,8615.5,9000.583333333334,1192189
2023-09-12,12500.0,12960.0,11900.0,12320.0,12314.0,10049.5,8673.333333333334,9016.333333333334,357423
2023-09-13,12320.0,12900.0,11920.0,12160.0,12186.0,10271.0,8727.666666666666,9030.833333333334,332181
2023-09-14,11910.0,11910.0,10200.0,11160.0,12142.0,10438.5,8765.5,9037.5,847431
2023-09-15,11000.0,11420.0,10860.0,11380.0,12038.0,10625.5,8806.833333333334,9046.083333333334,197537
2023-09-18,10810.0,10820.0,9580.0,9760.0,11356.0,10727.0,8824.166666666666,9042.75,491754
2023-09-19,9650.0,9880.0,9470.0,9600.0,10812.0,10812.0,8840.833333333334,9037.666666666666,161266
2023-09-20,9480.0,9600.0,9220.0,9400.0,10260.0,10891.0,8856.666666666666,9031.916666666666,128746
2023-09-21,9230.0,9700.0,9140.0,9180.0,9864.0,10949.5,8869.833333333334,9025.0,183520
2023-09-22,9040.0,9340.0,8910.0,9290.0,9446.0,11010.5,8886.333333333334,9018.666666666666,132681
2023-09-25,9160.0,9160.0,8450.0,8630.0,9220.0,10968.0,8897.833333333334,9008.416666666666,241661
2023-09-26,8470.0,8800.0,8350.0,8360.0,8972.0,10919.0,8901.5,8993.083333333334,63557
2023-09-27,8800.0,9080.0,8550.0,8710.0,8834.0,10842.5,8915.0,8980.416666666666,202679
2023-10-04,8630.0,8680.0,8180.0,8400.0,8678.0,10759.0,8926.5,8966.916666666666,122227
2023-10-05,8400.0,8410.0,7950.0,8000.0,8420.0,10609.0,8935.333333333334,8950.083333333334,130015
2023-10-06,8000.0,8150.0,7860.0,8020.0,8298.0,10343.0,8942.333333333334,8935.333333333334,138872
2023-10-10,7910.0,8020.0,7560.0,7700.0,8166.0,10066.0,8945.5,8917.916666666666,198391
2023-10-11,7650.0,8200.0,7650.0,7770.0,7978.0,9814.5,8950.0,8901.166666666666,216610
2023-10-12,7770.0,7840.0,7560.0,7610.0,7820.0,9626.0,8950.166666666666,8883.166666666666,161659
2023-10-13,7550.0,7650.0,7250.0,7420.0,7704.0,9402.0,8936.5,8861.916666666666,130298
2023-10-16,7300.0,7310.0,7050.0,7220.0,7544.0,9104.5,8917.833333333334,8840.0,115199
2023-10-17,7300.0,7390.0,7070.0,7100.0,7424.0,8843.5,8892.666666666666,8817.916666666666,69681
2023-10-18,7180.0,7220.0,6790.0,6890.0,7248.0,8580.0,8865.833333333334,8794.666666666666,194227
2023-10-19,6890.0,6900.0,6550.0,6640.0,7054.0,8354.0,8832.5,8769.916666666666,148052
2023-10-20,6520.0,6620.0,6300.0,6450.0,6860.0,8107.5,8790.833333333334,8746.416666666666,138030
2023-10-23,6450.0,6530.0,6330.0,6400.0,6696.0,7939.5,8751.166666666666,8724.416666666666,76695
2023-10-24,6580.0,6640.0,6190.0,6640.0,6604.0,7791.5,8733.5,8705.083333333334,121590
2023-10-25,6690.0,6850.0,6550.0,6810.0,6588.0,7662.0,8724.5,8687.916666666666,82184
2023-10-26,6640.0,6940.0,6410.0,6930.0,6646.0,7549.5,8730.166666666666,8671.916666666666,76535
2023-10-27,6940.0,7200.0,6600.0,6740.0,6704.0,7422.0,8726.0,8654.583333333334,139746
2023-10-30,6600.0,6840.0,6420.0,6680.0,6760.0,7324.5,8718.833333333334,8636.0,44446
2023-10-31,6690.0,6980.0,6680.0,6740.0,6780.0,7243.5,8712.333333333334,8618.666666666666,40085
2023-11-01,6800.0,6950.0,6730.0,6900.0,6798.0,7153.0,8703.5,8603.416666666666,25395
2023-11-02,6960.0,7190.0,6960.0,7110.0,6834.0,7088.5,8699.666666666666,8589.333333333334,65512
2023-11-03,7130.0,7590.0,7130.0,7460.0,6978.0,7061.5,8699.666666666666,8578.333333333334,112475
2023-11-06,7600.0,7600.0,7370.0,7490.0,7140.0,7035.0,8692.166666666666,8567.833333333334,109911
2023-11-07,7480.0,7670.0,7270.0,7610.0,7314.0,7030.5,8687.666666666666,8558.416666666666,93953
2023-11-08,7610.0,8490.0,7610.0,8200.0,7574.0,7052.0,8694.333333333334,8553.5,453545
2023-11-09,8150.0,8550.0,7680.0,8310.0,7814.0,7087.0,8703.333333333334,8550.833333333334,201077
2023-11-10,8170.0,8250.0,7660.0,7940.0,7910.0,7113.0,8702.666666666666,8546.333333333334,162713
2023-11-13,7900.0,7900.0,7310.0,7490.0,7910.0,7126.5,8691.166666666666,8536.25,164792
2023-11-14,7570.0,7740.0,7410.0,7500.0,7888.0,7146.5,8679.833333333334,8525.666666666666,101268
2023-11-15,7600.0,7840.0,7500.0,7650.0,7778.0,7184.5,8678.5,8516.0,75885
2023-11-16,7800.0,7860.0,7570.0,7680.0,7652.0,7236.5,8676.333333333334,8505.833333333334,86994
2023-11-17,7760.0,7760.0,7390.0,7450.0,7554.0,7286.5,8673.166666666666,8494.0,86458
2023-11-20,7450.0,7950.0,7410.0,7800.0,7616.0,7356.5,8674.333333333334,8486.083333333334,95578
2023-11-21,7800.0,7880.0,7700.0,7800.0,7676.0,7414.5,8672.666666666666,8478.0,62839
2023-11-22,7880.0,7970.0,7650.0,7800.0,7706.0,7464.0,8672.333333333334,8469.916666666666,40103
2023-11-23,7670.0,8030.0,7600.0,8000.0,7770.0,7517.5,8672.166666666666,8463.333333333334,94745
2023-11-24,8070.0,8070.0,7700.0,7860.0,7852.0,7573.5,8668.666666666666,8455.666666666666,92880
2023-11-27,7860.0,7920.0,7600.0,7600.0,7812.0,7619.5,8637.333333333334,8441.25,47676
2023-11-28,7560.0,7650.0,7450.0,7550.0,7762.0,7660.0,8607.5,8426.833333333334,70961
2023-11-29,7550.0,7690.0,7460.0,7600.0,7722.0,7695.0,8563.5,8412.833333333334,49319
2023-11-30,7590.0,7680.0,7470.0,7610.0,7644.0,7720.0,8522.5,8395.0,43349
2023-12-01,7610.0,7650.0,7430.0,7480.0,7568.0,7721.0,8463.833333333334,8376.666666666666,74351
2023-12-04,7410.0,7560.0,6900.0,6900.0,7428.0,7691.5,8356.5,8353.0,311245
2023-12-05,6990.0,6990.0,6750.0,6840.0,7286.0,7653.0,8249.833333333334,8330.416666666666,89863
2023-12-06,6840.0,7050.0,6770.0,6980.0,7162.0,7592.0,8152.833333333333,8309.166666666666,59940
2023-12-07,6980.0,7200.0,6830.0,6970.0,7034.0,7525.0,8079.333333333333,8290.666666666666,199065
2023-12-08,7180.0,7400.0,7020.0,7230.0,6984.0,7489.5,8001.5,8274.583333333334,198513
2023-12-11,7240.0,7380.0,6860.0,6920.0,6988.0,7461.0,7897.333333333333,8256.416666666666,232032
2023-12-12,6950.0,7050.0,6710.0,7000.0,7020.0,7436.0,7808.666666666667,8241.0,85171
2023-12-13,7060.0,7100.0,6860.0,6890.0,7002.0,7398.0,7720.833333333333,8224.25,110103
2023-12-14,6910.0,7140.0,6910.0,7080.0,7024.0,7368.0,7652.833333333333,8209.166666666666,107419
2023-12-15,7000.0,7120.0,6920.0,7060.0,6990.0,7348.5,7580.833333333333,8193.833333333334,116887
2023-12-18,7070.0,7070.0,6940.0,6940.0,6994.0,7305.5,7533.833333333333,8179.0,87872
2023-12-19,7020.0,7150.0,6950.0,6980.0,6990.0,7264.5,7490.166666666667,8165.5,101260
2023-12-20,7010.0,7130.0,6780.0,6840.0,6980.0,7216.5,7447.5,8152.083333333333,241176
2023-12-21,6840.0,6940.0,6760.0,6920.0,6948.0,7162.5,7409.833333333333,8139.833333333333,68067
2023-12-22,6920.0,6950.0,6760.0,6760.0,6888.0,7107.5,7367.666666666667,8127.0,127490
2023-12-26,6760.0,6770.0,6640.0,6650.0,6830.0,7060.0,7334.666666666667,8116.25,64984
2023-12-27,6790.0,6810.0,6640.0,6810.0,6796.0,7023.0,7308.833333333333,8105.166666666667,62985
2023-12-28,6830.0,6910.0,6750.0,6890.0,6806.0,6987.5,7278.5,8096.75,25217
2024-01-02,6900.0,6970.0,6850.0,6930.0,6808.0,6953.5,7254.0,8090.25,49660
2024-01-03,6900.0,7010.0,6840.0,6960.0,6848.0,6927.5,7236.666666666667,8086.0,51007
2024-01-04,6960.0,6960.0,6830.0,6850.0,6888.0,6925.0,7217.166666666667,8079.75,30234
2024-01-05,6850.0,6920.0,6810.0,6860.0,6898.0,6926.0,7203.166666666667,8074.333333333333,32878
2024-01-08,6870.0,7080.0,6650.0,6960.0,6912.0,6925.0,7189.666666666667,8069.833333333333,108514
2024-01-09,7080.0,7100.0,6840.0,7100.0,6946.0,6931.5,7181.166666666667,8065.666666666667,71823
2024-01-10,7130.0,7130.0,6970.0,7060.0,6966.0,6923.0,7175.166666666667,8055.833333333333,56418
2024-01-11,7060.0,7330.0,7060.0,7240.0,7044.0,6939.0,7175.5,8046.666666666667,119107
2024-01-12,7380.0,7380.0,6970.0,6990.0,7070.0,6938.5,7173.666666666667,8033.166666666667,114685
2024-01-15,6910.0,6990.0,6900.0,6810.0,7040.0,6934.5,7172.333333333333,8019.083333333333,8468
2024-01-16,6760.0,6870.0,6760.0,6840.0,6988.0,6922.5,7175.666666666667,8004.083333333333,29202
2024-01-17,6790.0,6820.0,6650.0,6710.0,6918.0,6905.0,7180.0,7985.416666666667,59391
2024-01-18,6660.0,6810.0,6640.0,6730.0,6816.0,6894.5,7185.5,7968.333333333333,27506
2024-01-19,6840.0,6850.0,6630.0,6670.0,6752.0,6879.0,7186.0,7959.75,35065
2024-01-22,6670.0,6750.0,6640.0,6690.0,6728.0,6871.5,7184.0,7954.25,34410
2024-01-23,6690.0,6800.0,6650.0,6720.0,6704.0,6861.5,7180.5,7955.333333333333,18689
2024-01-24,6660.0,6920.0,6660.0,6830.0,6728.0,6865.0,7182.0,7954.0,52698
2024-01-25,6790.0,6800.0,6640.0,6720.0,6726.0,6868.5,7182.666666666667,7950.75,47635
2024-01-26,6720.0,6830.0,6600.0,6690.0,6730.0,6862.5,7181.833333333333,7947.083333333333,53784
2024-01-29,6650.0,6750.0,6610.0,6680.0,6728.0,6852.0,7178.166666666667,7940.833333333333,50112
2024-01-30,6660.0,6830.0,6630.0,6810.0,6746.0,6846.0,7173.166666666667,7936.416666666667,57441
2024-01-31,6790.0,6790.0,6670.0,6690.0,6718.0,6832.5,7160.333333333333,7930.0,28141
2024-02-01,6690.0,6730.0,6500.0,6610.0,6696.0,6820.5,7145.666666666667,7918.916666666667,51854
2024-02-02,6640.0,6770.0,6620.0,6650.0,6688.0,6810.0,7129.666666666667,7908.666666666667,25676
2024-02-05,6790.0,6790.0,6610.0,6630.0,6678.0,6793.5,7103.5,7898.916666666667,23708
2024-02-06,6560.0,6600.0,6500.0,6520.0,6620.0,6764.5,7073.666666666667,7888.5,27891
2024-02-07,6590.0,6990.0,6480.0,6850.0,6652.0,6754.0,7055.5,7879.083333333333,118061
2024-02-08,6880.0,6890.0,6740.0,6830.0,6696.0,6733.5,7044.5,7867.833333333333,39157
2024-02-13,6770.0,6990.0,6770.0,6880.0,6742.0,6728.0,7034.166666666667,7857.0,44539
2024-02-14,6730.0,7030.0,6730.0,7020.0,6820.0,6738.5,7023.666666666667,7851.083333333333,59045
2024-02-15,7020.0,7100.0,6990.0,7020.0,6920.0,6747.5,7012.666666666667,7844.5,48591
2024-02-16,7090.0,7290.0,7020.0,7110.0,6972.0,6767.5,7007.0,7840.083333333333,63579
2024-02-19,7020.0,7140.0,7000.0,7030.0,7012.0,6782.5,6994.166666666667,7834.25,36468
2024-02-20,7030.0,7200.0,7030.0,7100.0,7056.0,6804.0,6982.5,7827.583333333333,29936
2024-02-21,7070.0,7140.0,6970.0,6980.0,7048.0,6818.5,6968.833333333333,7820.583333333333,36247
2024-02-22,7060.0,7070.0,6850.0,6890.0,7022.0,6827.0,6950.333333333333,7811.25,32973
2024-02-23,6890.0,6950.0,6760.0,6880.0,6976.0,6829.5,6934.0,7801.333333333333,32057
2024-02-26,6950.0,6950.0,6750.0,6810.0,6932.0,6834.0,6920.833333333333,7779.083333333333,39464
2024-02-27,6810.0,6860.0,6680.0,6760.0,6864.0,6837.5,6907.666666666667,7757.583333333333,35581
2024-02-28,6790.0,6840.0,6660.0,6800.0,6828.0,6843.5,6894.333333333333,7728.916666666667,15169
2024-02-29,6850.0,6860.0,6680.0,6690.0,6788.0,6837.5,6879.0,7700.75,30087
2024-03-04,6690.0,6870.0,6620.0,6680.0,6748.0,6837.0,6865.666666666667,7664.75,23690
2024-03-05,6700.0,6700.0,6520.0,6600.0,6706.0,6836.5,6860.666666666667,7608.583333333333,34987
2024-03-06,6530.0,6620.0,6480.0,6620.0,6678.0,6835.0,6857.0,7553.416666666667,27696
2024-03-07,6650.0,6670.0,6530.0,6660.0,6650.0,6836.5,6851.666666666667,7502.25,19398
2024-03-08,6660.0,6740.0,6620.0,6670.0,6646.0,6844.0,6846.666666666667,7463.0,33863
2024-03-11,6670.0,6900.0,6650.0,6740.0,6658.0,6838.5,6838.5,7420.0,53758
2024-03-12,6950.0,6950.0,6700.0,6790.0,6696.0,6836.5,6836.333333333333,7366.833333333333,19745
2024-03-13,6680.0,6850.0,6680.0,6700.0,6712.0,6827.5,6831.333333333333,7320.0,29806
2024-03-14,6740.0,6890.0,6660.0,6700.0,6720.0,6811.5,6828.166666666667,7274.5,23714
2024-03-15,6650.0,6700.0,6570.0,6680.0,6722.0,6794.5,6821.5,7237.166666666667,23675
2024-03-18,6680.0,6720.0,6600.0,6680.0,6710.0,6773.0,6815.166666666667,7198.0,22654
2024-03-19,6610.0,6740.0,6590.0,6590.0,6670.0,6751.0,6809.333333333333,7171.583333333333,20730
2024-03-20,6620.0,6680.0,6510.0,6600.0,6650.0,6726.0,6803.0,7146.583333333333,24419
2024-03-21,6650.0,6780.0,6600.0,6700.0,6650.0,6712.0,6800.666666666667,7124.083333333333,41041
2024-03-22,6700.0,6810.0,6600.0,6770.0,6668.0,6706.0,6798.166666666667,7104.0,30939
2024-03-25,6760.0,6770.0,6620.0,6650.0,6662.0,6694.5,6796.333333333333,7082.0,27241
2024-03-26,6630.0,6740.0,6610.0,6710.0,6686.0,6689.5,6797.333333333333,7066.0,23449
2024-03-27,6640.0,6750.0,6630.0,6670.0,6700.0,6685.0,6795.0,7051.916666666667,26187
2024-03-28,6670.0,6730.0,6550.0,6560.0,6672.0,6673.0,6789.5,7034.0,41351
2024-03-29,6540.0,6650.0,6500.0,6540.0,6626.0,6665.5,6783.0,7018.5,32391
2024-04-01,6540.0,6770.0,6540.0,6750.0,6646.0,6669.0,6779.5,7008.083333333333,32114
2024-04-02,6750.0,6750.0,6460.0,6580.0,6620.0,6668.0,6775.0,6996.083333333333,54206
2024-04-03,6580.0,6720.0,6250.0,6450.0,6576.0,6659.5,6768.166666666667,6985.666666666667,53196
2024-04-04,6490.0,6490.0,6180.0,6320.0,6528.0,6642.5,6757.5,6973.583333333333,75254
2024-04-05,6300.0,6320.0,6140.0,6180.0,6456.0,6618.0,6742.166666666667,6961.666666666667,37821
2024-04-08,6200.0,6290.0,6080.0,6100.0,6326.0,6586.0,6726.166666666667,6950.666666666667,21927
2024-04-09,6100.0,6240.0,6060.0,6090.0,6228.0,6551.0,6707.0,6941.25,15599
2024-04-11,6090.0,6110.0,5970.0,6040.0,6146.0,6518.0,6691.166666666667,6932.416666666667,13169
2024-04-12,5980.0,6080.0,5950.0,6080.0,6098.0,6487.0,6679.0,6925.666666666667,30358
2024-04-15,6060.0,6060.0,5880.0,5900.0,6042.0,6448.0,6663.333333333333,6919.5,27378
2024-04-16,5800.0,6270.0,5780.0,6230.0,6068.0,6425.5,6655.333333333333,6917.666666666667,87395
2024-04-17,6220.0,6350.0,6140.0,6150.0,6080.0,6403.5,6645.666666666667,6915.583333333333,29936
2024-04-18,6220.0,6230.0,6110.0,6170.0,6106.0,6382.0,6637.333333333333,6911.666666666667,10894
2024-04-19,6180.0,6180.0,5780.0,6060.0,6102.0,6350.0,6626.833333333333,6905.416666666667,27943
2024-04-22,6090.0,6170.0,5960.0,6080.0,6138.0,6315.5,6616.166666666667,6898.333333333333,10827
2024-04-23,6080.0,6190.0,6000.0,6040.0,6100.0,6285.0,6603.0,6892.5,12537
2024-04-24,6170.0,6170.0,6000.0,6080.0,6086.0,6253.5,6592.333333333333,6887.5,7827
2024-04-25,6130.0,6130.0,5990.0,6070.0,6066.0,6223.5,6582.0,6881.916666666667,8327
2024-04-26,6070.0,6120.0,5980.0,6060.0,6066.0,6198.5,6571.666666666667,6874.916666666667,12202
2024-04-29,6060.0,6140.0,6000.0,6060.0,6062.0,6174.5,6559.166666666667,6866.166666666667,8865
2024-04-30,6070.0,6210.0,6070.0,6100.0,6074.0,6142.0,6549.333333333333,6854.833333333333,17377
2024-05-02,6110.0,6180.0,6070.0,6150.0,6088.0,6120.5,6541.666666666667,6843.666666666667,8860
2024-05-03,6090.0,6210.0,6090.0,6130.0,6100.0,6104.5,6533.0,6831.333333333333,11661
2024-05-07,6200.0,6230.0,6110.0,6130.0,6114.0,6095.0,6524.666666666667,6814.083333333333,12162
2024-05-08,6150.0,6290.0,6080.0,6290.0,6160.0,6100.5,6520.833333333333,6797.25,26162
2024-05-09,6290.0,6410.0,6130.0,6260.0,6192.0,6108.5,6511.0,6783.25,28839
2024-05-10,6270.0,6500.0,6020.0,6050.0,6172.0,6106.5,6498.0,6771.25,175780
2024-05-13,6170.0,6170.0,6030.0,6030.0,6152.0,6106.0,6483.833333333333,6759.0,27059
2024-05-14,6080.0,6210.0,6010.0,6060.0,6138.0,6105.0,6467.833333333333,6745.75,64626
2024-05-16,6140.0,6300.0,6050.0,6050.0,6090.0,6112.5,6451.666666666667,6732.166666666667,51598
2024-05-17,6040.0,6100.0,5960.0,6010.0,6040.0,6101.5,6433.333333333333,6720.166666666667,42072
2024-05-20,6020.0,6120.0,6020.0,6020.0,6034.0,6095.0,6416.5,6705.333333333333,18751
2024-05-21,6000.0,6060.0,5950.0,6060.0,6040.0,6089.5,6399.166666666667,6690.833333333333,22382
2024-05-22,6090.0,6150.0,6010.0,6150.0,6058.0,6094.0,6385.333333333333,6677.083333333333,27754
2024-05-23,6140.0,6140.0,5990.0,6050.0,6058.0,6092.5,6371.333333333333,6660.833333333333,28356
2024-05-24,6050.0,6050.0,5930.0,6050.0,6066.0,6093.0,6357.5,6645.75,14776
2024-05-27,6120.0,6120.0,5950.0,6000.0,6062.0,6089.0,6344.0,6632.416666666667,24388
2024-05-28,5960.0,5990.0,5910.0,5930.0,6036.0,6082.0,6330.166666666667,6618.916666666667,28777
2024-05-29,5990.0,5990.0,5830.0,5930.0,5992.0,6075.5,6315.666666666667,6605.0,27472
2024-05-30,5840.0,5970.0,5800.0,5950.0,5972.0,6070.0,6303.333333333333,6591.166666666667,24556
2024-05-31,5950.0,6000.0,5690.0,5780.0,5918.0,6054.0,6288.333333333333,6577.0,217628
2024-06-03,5780.0,5930.0,5750.0,5880.0,5894.0,6040.5,6276.333333333333,6568.5,43334
2024-06-04,5880.0,5980.0,5800.0,5850.0,5878.0,6026.5,6263.5,6560.25,26753
2024-06-05,5810.0,5880.0,5780.0,5800.0,5852.0,6010.0,6249.166666666667,6550.416666666667,22420
2024-06-07,5830.0,6200.0,5830.0,6170.0,5896.0,6004.0,6240.833333333333,6543.75,86919
2024-06-10,6140.0,6140.0,5940.0,6020.0,5944.0,5992.0,6228.833333333333,6533.666666666667,32133
2024-06-11,5960.0,6030.0,5930.0,6030.0,5974.0,5991.0,6216.166666666667,6526.25,27879
2024-06-12,6030.0,6030.0,5910.0,5930.0,5990.0,5986.0,6203.333333333333,6517.333333333333,17111
2024-06-13,5950.0,6090.0,5890.0,5940.0,6018.0,5980.0,6190.666666666667,6509.416666666667,19655
2024-06-14,5950.0,6100.0,5750.0,5750.0,5934.0,5965.0,6175.166666666667,6498.333333333333,107381
2024-06-17,5760.0,5840.0,5750.0,5750.0,5880.0,5952.0,6159.666666666667,6487.416666666667,30875
2024-06-18,5860.0,5860.0,5610.0,5620.0,5798.0,5932.0,6143.5,6476.416666666667,84629
2024-06-19,5680.0,5690.0,5510.0,5560.0,5724.0,5907.0,6126.166666666667,6464.583333333333,69663
2024-06-20,5560.0,5610.0,5520.0,5580.0,5652.0,5878.5,6107.5,6454.083333333333,25645
2024-06-21,5590.0,5680.0,5580.0,5620.0,5626.0,5857.0,6088.333333333333,6443.25,19398
2024-06-24,5650.0,5800.0,5520.0,5600.0,5596.0,5834.5,6070.833333333333,6433.583333333333,36500
2024-06-25,5570.0,5670.0,5490.0,5610.0,5594.0,5815.0,6052.5,6424.916666666667,28026
2024-06-26,5620.0,6700.0,5540.0,5970.0,5676.0,5817.0,6040.833333333333,6417.916666666667,1069467
2024-06-27,5970.0,6050.0,5820.0,6030.0,5766.0,5822.0,6032.0,6410.75,130568
2024-06-28,6030.0,6270.0,5970.0,6030.0,5848.0,5826.0,6023.5,6403.25,69870
2024-07-01,6030.0,6100.0,5890.0,6020.0,5932.0,5838.0,6011.333333333333,6395.416666666667,49212
2024-07-02,5930.0,6020.0,5870.0,5950.0,6000.0,5841.5,6000.833333333333,6387.916666666667,32251
2024-07-03,5950.0,6160.0,5940.0,6070.0,6020.0,5852.5,5994.5,6381.333333333333,51684
2024-07-04,6120.0,6120.0,5870.0,5960.0,6006.0,5860.5,5988.5,6373.0,52402
2024-07-05,5970.0,6020.0,5880.0,6010.0,6002.0,5852.5,5985.666666666667,6363.916666666667,41683
2024-07-08,6010.0,6530.0,5970.0,6450.0,6088.0,5874.0,5991.5,6358.833333333333,243349
2024-07-09,6510.0,6600.0,6350.0,6410.0,6180.0,5893.0,5996.833333333333,6351.916666666667,109265
2024-07-10,6410.0,6590.0,6290.0,6570.0,6280.0,5925.0,6005.666666666667,6348.416666666667,69393
2024-07-11,6530.0,6570.0,6210.0,6300.0,6348.0,5943.0,6009.333333333333,6344.166666666667,93801
2024-07-12,6310.0,6370.0,6100.0,6150.0,6376.0,5963.0,6013.5,6338.416666666667,56788
2024-07-15,6390.0,6570.0,6280.0,6510.0,6388.0,6001.0,6018.166666666667,6336.75,149196
2024-07-16,6510.0,6510.0,6200.0,6200.0,6346.0,6030.0,6019.0,6332.333333333333,77544
2024-07-17,6200.0,6270.0,6110.0,6230.0,6278.0,6063.5,6020.0,6328.666666666667,33648
2024-07-18,6170.0,6200.0,5980.0,5990.0,6216.0,6084.0,6018.833333333333,6322.833333333333,55451
2024-07-19,6000.0,6060.0,6000.0,6000.0,6186.0,6103.0,6017.5,6316.833333333333,25575
2024-07-22,6110.0,6110.0,5650.0,5760.0,6036.0,6111.0,6012.833333333333,6307.916666666667,86594
2024-07-23,5860.0,5860.0,5690.0,5760.0,5948.0,6118.5,6007.5,6299.916666666667,23190
2024-07-24,5770.0,5890.0,5710.0,5800.0,5862.0,6110.0,6003.0,6292.5,25560
2024-07-25,5730.0,5930.0,5670.0,5820.0,5828.0,6099.5,5999.0,6285.333333333333,25869
2024-07-26,5900.0,5900.0,5740.0,5850.0,5798.0,6090.5,5995.5,6277.333333333333,23120
2024-07-29,5830.0,5890.0,5780.0,5850.0,5816.0,6082.0,5991.333333333333,6270.333333333333,21574
2024-07-30,5820.0,5840.0,5680.0,5680.0,5800.0,6068.5,5983.5,6262.583333333333,24733
2024-07-31,5840.0,5840.0,5520.0,5660.0,5772.0,6048.0,5975.666666666667,6254.333333333333,27110
2024-08-01,5610.0,5900.0,5610.0,5880.0,5784.0,6044.0,5971.5,6248.083333333333,40563
2024-08-02,5920.0,5920.0,5620.0,5750.0,5764.0,6031.0,5962.5,6241.666666666667,56330
2024-08-05,5720.0,5720.0,4700.0,4855.0,5565.0,5951.25,5939.083333333333,6225.041666666667,203871
2024-08-06,5090.0,5140.0,4900.0,5030.0,5435.0,5882.25,5922.083333333333,6210.041666666667,68595
2024-08-07,5030.0,5300.0,5030.0,5280.0,5359.0,5817.75,5909.583333333333,6196.708333333333,35579
2024-08-08,5280.0,5540.0,5100.0,5300.0,5243.0,5767.75,5896.916666666667,6182.375,31580
2024-08-09,5300.0,5390.0,5200.0,5300.0,5153.0,5725.25,5884.416666666667,6168.041666666667,40046
2024-08-12,5300.0,5430.0,5260.0,5400.0,5262.0,5669.75,5874.25,6153.791666666667,9818
2024-08-13,5400.0,5510.0,5320.0,5370.0,5330.0,5628.25,5863.416666666667,6139.958333333333,27345
2024-08-14,5400.0,6430.0,5400.0,5760.0,5426.0,5604.75,5858.416666666667,6128.791666666667,410483
2024-08-16,5770.0,5770.0,5600.0,5700.0,5506.0,5590.25,5850.916666666667,6118.125,42556
2024-08-19,5630.0,5770.0,5630.0,5750.0,5596.0,5577.75,5845.916666666667,6108.625,24360
2024-08-20,5750.0,5880.0,5650.0,5760.0,5668.0,5577.75,5841.083333333333,6099.291666666667,28510
2024-08-21,5770.0,5810.0,5570.0,5740.0,5742.0,5576.75,5836.75,6090.375,40298
2024-08-22,5800.0,5860.0,5640.0,5750.0,5740.0,5574.25,5833.75,6081.958333333333,24656
2024-08-23,5750.0,5750.0,5600.0,5700.0,5740.0,5568.25,5829.916666666667,6072.791666666667,25748
2024-08-26,5720.0,5720.0,5560.0,5630.0,5716.0,5557.25,5824.583333333333,6063.958333333333,39214
2024-08-27,5660.0,5840.0,5490.0,5780.0,5720.0,5553.75,5824.583333333333,6056.458333333333,31860
2024-08-28,5780.0,5780.0,5680.0,5740.0,5720.0,5556.75,5822.25,6049.291666666667,13442
2024-08-29,5720.0,5760.0,5630.0,5710.0,5712.0,5559.25,5819.916666666667,6041.708333333333,14002
2024-08-30,5650.0,6830.0,5650.0,6110.0,5794.0,5570.75,5825.083333333333,6037.125,1874131
2024-09-02,6200.0,6200.0,6000.0,6020.0,5872.0,5584.25,5822.583333333333,6031.708333333333,115051
2024-09-03,6020.0,6250.0,6020.0,6160.0,5948.0,5649.5,5824.916666666667,6026.875,115012
2024-09-04,6050.0,6050.0,5800.0,5850.0,5970.0,5690.5,5821.916666666667,6019.041666666667,81084
2024-09-05,5850.0,6030.0,5820.0,5970.0,6022.0,5725.0,5822.583333333333,6012.958333333333,50251
2024-09-06,6020.0,6370.0,5810.0,5810.0,5962.0,5750.5,5820.416666666667,6005.541666666667,181563
2024-09-09,5630.0,5830.0,5510.0,5750.0,5908.0,5773.0,5820.416666666667,5997.791666666667,84349
2024-09-10,5700.0,5840.0,5500.0,5530.0,5782.0,5779.5,5816.75,5988.208333333333,48346
2024-09-11,5510.0,5660.0,5500.0,5520.0,5716.0,5787.0,5815.083333333333,5979.291666666667,35730
2024-09-12,5650.0,5750.0,5590.0,5740.0,5670.0,5786.0,5818.083333333333,5972.125,16786
2024-09-13,5790.0,5790.0,5610.0,5750.0,5658.0,5788.5,5820.916666666667,5964.208333333333,13296
2024-09-19,5770.0,5810.0,5560.0,5590.0,5626.0,5780.5,5820.416666666667,5954.375,29266
2024-09-20,5690.0,5690.0,5420.0,5480.0,5616.0,5766.5,5818.416666666667,5944.625,67677
2024-09-23,5480.0,5500.0,5400.0,5430.0,5598.0,5751.0,5815.416666666667,5933.958333333333,20478
2024-09-24,5410.0,5640.0,5410.0,5640.0,5578.0,5745.5,5809.916666666667,5925.375,29016
2024-09-25,5640.0,5700.0,5560.0,5560.0,5540.0,5738.5,5802.083333333333,5917.041666666667,25150
2024-09-26,5560.0,5670.0,5540.0,5650.0,5552.0,5739.5,5795.75,5909.625,16001
2024-09-27,5650.0,5830.0,5640.0,5800.0,5616.0,5740.5,5792.083333333333,5901.708333333333,40212
2024-09-30,5790.0,5830.0,5670.0,5770.0,5684.0,5742.0,5789.083333333333,5894.958333333333,25942
2024-10-02,5610.0,5770.0,5570.0,5610.0,5678.0,5737.0,5781.416666666667,5887.958333333333,26469
2024-10-04,5610.0,5710.0,5570.0,5620.0,5690.0,5712.5,5775.75,5882.125,11801
2024-10-07,5620.0,5800.0,5610.0,5640.0,5688.0,5693.5,5769.583333333333,5877.625,25539
2024-10-08,5640.0,5710.0,5570.0,5600.0,5648.0,5665.5,5755.416666666667,5873.458333333333,22112
2024-10-10,5700.0,5700.0,5490.0,5550.0,5604.0,5650.5,5741.083333333333,5868.958333333333,33283
2024-10-11,5600.0,5630.0,5380.0,5440.0,5570.0,5624.0,5722.25,5863.958333333333,41422
2024-10-14,5440.0,5540.0,5360.0,5440.0,5534.0,5605.5,5707.916666666667,5858.625,13137
2024-10-15,5400.0,5490.0,5380.0,5490.0,5504.0,5592.5,5696.916666666667,5855.208333333333,17303
2024-10-16,5470.0,5490.0,5330.0,5430.0,5470.0,5587.5,5678.916666666667,5848.541666666667,14336
2024-10-17,5480.0,5480.0,5310.0,5310.0,5422.0,5577.0,5664.083333333333,5841.541666666667,22239
2024-10-18,5310.0,5380.0,5170.0,5310.0,5396.0,5555.5,5648.75,5834.375,20496
2024-10-21,5310.0,5400.0,5300.0,5390.0,5386.0,5537.5,5638.75,5828.791666666667,14752
2024-10-22,5310.0,5440.0,5270.0,5350.0,5358.0,5525.5,5627.916666666667,5822.708333333333,21712
2024-10-23,5400.0,5400.0,5270.0,5310.0,5334.0,5517.0,5620.416666666667,5816.625,10498
2024-10-24,5290.0,5350.0,5210.0,5230.0,5318.0,5507.0,5611.583333333333,5809.541666666667,16279
2024-10-25,5250.0,5250.0,5050.0,5100.0,5276.0,5480.0,5599.916666666667,5801.458333333333,22181
2024-10-28,5100.0,5160.0,5050.0,5130.0,5224.0,5458.5,5588.416666666667,5793.708333333333,12160
2024-10-29,5130.0,5260.0,5130.0,5210.0,5196.0,5436.5,5577.75,5786.625,14888
2024-10-30,5210.0,5330.0,5180.0,5180.0,5170.0,5405.5,5566.583333333333,5778.958333333333,27869
2024-10-31,5180.0,5260.0,5060.0,5170.0,5158.0,5375.5,5558.083333333333,5770.791666666667,19094
2024-11-01,5170.0,5260.0,5070.0,5170.0,5172.0,5353.5,5549.916666666667,5762.791666666667,8308
2024-11-04,5170.0,5230.0,5100.0,5120.0,5170.0,5328.5,5537.25,5754.375,44173
2024-11-05,5070.0,5340.0,5070.0,5210.0,5170.0,5307.0,5528.25,5745.375,48377
2024-11-06,5160.0,5290.0,5010.0,5090.0,5152.0,5281.5,5532.166666666667,5735.625,90992
2024-11-07,5090.0,5160.0,4980.0,5050.0,5128.0,5256.5,5532.5,5727.291666666667,35414
2024-11-08,5140.0,5760.0,5070.0,5680.0,5230.0,5268.5,5539.166666666667,5724.375,638419
2024-11-11,5570.0,5680.0,5350.0,5410.0,5288.0,5267.0,5541.0,5718.958333333333,139844
2024-11-12,5410.0,5580.0,5090.0,5130.0,5272.0,5249.0,5538.166666666667,5711.291666666667,102477
2024-11-13,5190.0,5230.0,5050.0,5140.0,5282.0,5234.5,5533.833333333333,5704.041666666667,69737
2024-11-14,5120.0,5200.0,5040.0,5120.0,5296.0,5225.0,5529.666666666667,5696.541666666667,48372
2024-11-15,5070.0,5230.0,4985.0,5210.0,5202.0,5220.0,5520.5,5689.458333333333,57711
2024-11-18,5310.0,5450.0,5290.0,5320.0,5184.0,5216.5,5514.166666666667,5682.541666666667,74098
2024-11-19,5320.0,5600.0,5280.0,5390.0,5236.0,5218.5,5508.166666666667,5677.041666666667,159338
2024-11-20,5410.0,5480.0,5350.0,5410.0,5290.0,5223.5,5502.333333333333,5671.708333333333,53752
2024-11-21,5500.0,5500.0,5240.0,5330.0,5332.0,5228.5,5495.5,5666.125,57520
2024-11-22,5330.0,5350.0,5240.0,5290.0,5348.0,5238.0,5487.833333333333,5660.791666666667,32872
2024-11-25,5220.0,5330.0,5220.0,5240.0,5332.0,5243.5,5480.166666666667,5655.041666666667,48618
2024-11-26,5240.0,5380.0,5210.0,5350.0,5324.0,5250.5,5475.5,5650.041666666667,62894
2024-11-27,5390.0,5430.0,5260.0,5370.0,5316.0,5260.0,5468.666666666667,5646.625,56157
2024-11-28,5370.0,5410.0,5320.0,5400.0,5330.0,5271.5,5463.0,5642.625,27588
2024-11-29,5400.0,5430.0,5270.0,5380.0,5348.0,5282.0,5457.5,5638.708333333333,67300
2024-12-02,5390.0,5590.0,5320.0,5480.0,5396.0,5300.0,5447.0,5636.041666666667,99253
2024-12-03,5580.0,5670.0,5450.0,5490.0,5424.0,5314.0,5438.166666666667,5630.375,91355
2024-12-04,5280.0,5600.0,5280.0,5570.0,5464.0,5338.0,5428.333333333333,5626.625,102304
2024-12-05,5530.0,5530.0,5150.0,5320.0,5448.0,5351.5,5419.5,5620.708333333333,155025
2024-12-06,5320.0,5360.0,5150.0,5290.0,5430.0,5332.0,5408.166666666667,5615.375,137031
2024-12-09,5200.0,5200.0,4930.0,4990.0,5332.0,5311.0,5394.5,5607.458333333333,150565
2024-12-10,5000.0,5190.0,5000.0,5190.0,5272.0,5314.0,5385.166666666667,5602.791666666667,55265
2024-12-11,5190.0,5260.0,5120.0,5240.0,5206.0,5319.0,5380.333333333333,5598.541666666667,74615
2024-12-12,5400.0,5430.0,5230.0,5360.0,5214.0,5331.0,5377.666666666667,5596.375,93755
2024-12-13,5360.0,5580.0,5310.0,5450.0,5246.0,5343.0,5372.833333333333,5595.458333333333,270937
2024-12-16,5490.0,5500.0,5260.0,5320.0,5312.0,5343.0,5365.666666666667,5593.291666666667,145812
2024-12-17,5370.0,5390.0,5230.0,5280.0,5330.0,5337.5,5360.5,5590.458333333333,74570
2024-12-18,5280.0,5320.0,5100.0,5270.0,5336.0,5330.5,5357.0,5587.708333333333,109592
2024-12-19,5190.0,5190.0,5050.0,5180.0,5300.0,5323.0,5352.833333333333,5584.125,78418
2024-12-20,5240.0,5240.0,4865.0,4960.0,5202.0,5306.5,5341.5,5575.708333333333,541041
2024-12-23,5070.0,5070.0,4895.0,4930.0,5124.0,5291.0,5331.0,5566.541666666667,109174
2024-12-24,4975.0,4975.0,4850.0,4960.0,5060.0,5271.5,5319.5,5557.625,109247
2024-12-26,5270.0,6260.0,5010.0,5670.0,5140.0,5286.5,5317.333333333333,5554.708333333333,7368743
2024-12-27,5540.0,5850.0,5300.0,5500.0,5204.0,5291.5,5312.833333333333,5550.958333333333,949528
2024-12-30,5450.0,5500.0,5350.0,5440.0,5300.0,5294.5,5310.0,5545.708333333333,338336
2025-01-02,5410.0,5470.0,5320.0,5400.0,5394.0,5290.5,5306.333333333333,5541.041666666667,246229
2025-01-03,5400.0,5600.0,5350.0,5580.0,5518.0,5295.0,5305.333333333333,5537.458333333333,342958
2025-01-06,5600.0,5690.0,5490.0,5680.0,5520.0,5300.5,5306.666666666667,5531.041666666667,192189
2025-01-07,5680.0,5690.0,5500.0,5520.0,5524.0,5310.5,5306.166666666667,5523.625,210386
2025-01-08,5470.0,5580.0,5380.0,5500.0,5536.0,5321.0,5307.166666666667,5514.708333333333,150895
2025-01-09,5580.0,5580.0,5410.0,5450.0,5546.0,5344.0,5307.333333333333,5507.625,71286
2025-01-10,5450.0,5520.0,5420.0,5500.0,5530.0,5359.5,5307.5,5502.208333333333,49648
2025-01-13,5480.0,5560.0,5430.0,5550.0,5504.0,5375.0,5309.5,5494.208333333333,81892
2025-01-14,5510.0,5710.0,5500.0,5670.0,5534.0,5390.5,5315.5,5489.791666666667,180249
2025-01-15,5660.0,5920.0,5610.0,5880.0,5610.0,5412.0,5325.0,5486.875,240050
2025-01-16,5830.0,5890.0,5760.0,5870.0,5694.0,5439.5,5333.0,5485.875,73965
2025-01-17,5870.0,5880.0,5710.0,5870.0,5768.0,5469.0,5341.666666666667,5484.791666666667,91057
2025-01-20,5870.0,5950.0,5770.0,5870.0,5832.0,5499.0,5351.0,5485.708333333333,89965
2025-01-21,5870.0,5970.0,5670.0,5770.0,5852.0,5528.5,5360.0,5485.791666666667,131508
2025-01-22,5840.0,5840.0,5570.0,5710.0,5818.0,5566.0,5370.166666666667,5485.041666666667,113679
2025-01-23,5710.0,5750.0,5640.0,5680.0,5780.0,5603.5,5379.333333333333,5483.875,54669
2025-01-24,5700.0,5770.0,5630.0,5670.0,5740.0,5639.0,5387.0,5482.375,92649
2025-01-31,5670.0,5790.0,5580.0,5660.0,5698.0,5638.5,5395.0,5480.791666666667,151510
2025-02-03,5660.0,5660.0,5370.0,5530.0,5650.0,5640.0,5401.0,5479.541666666667,126861
2025-02-04,5520.0,5620.0,5520.0,5560.0,5620.0,5646.0,5407.5,5478.708333333333,44063
2025-02-05,5560.0,5880.0,5550.0,5660.0,5616.0,5659.0,5416.5,5476.875,291482
2025-02-06,5770.0,5910.0,5720.0,5800.0,5642.0,5670.0,5426.333333333333,5477.291666666667,239541
2025-02-07,5800.0,5800.0,5570.0,5650.0,5640.0,5668.5,5435.666666666667,5483.916666666667,140246
2025-02-10,5610.0,5820.0,5570.0,5680.0,5670.0,5676.5,5446.166666666667,5489.333333333333,99669
2025-02-11,5620.0,5960.0,5620.0,5860.0,5730.0,5694.5,5449.166666666667,5494.166666666667,261082
2025-02-12,5990.0,6120.0,5780.0,5920.0,5782.0,5718.0,5457.666666666667,5499.333333333333,314476
2025-02-13,6000.0,6020.0,5820.0,5940.0,5810.0,5740.0,5471.166666666667,5504.666666666667,172688
2025-02-14,5990.0,6350.0,5880.0,6230.0,5926.0,5774.0,5489.333333333333,5511.583333333333,416429
2025-02-17,6270.0,6450.0,6190.0,6330.0,6056.0,5807.0,5509.5,5519.583333333333,235196
2025-02-18,6370.0,6670.0,6280.0,6570.0,6198.0,5841.5,5532.166666666667,5526.333333333333,325610
2025-02-19,6570.0,6610.0,6370.0,6470.0,6308.0,5871.5,5551.333333333333,5532.75,207458
2025-02-20,6470.0,6790.0,6390.0,6400.0,6400.0,5898.0,5568.166666666667,5538.166666666667,236493
2025-02-21,6360.0,6390.0,6240.0,6270.0,6408.0,5918.0,5582.5,5542.416666666667,100018
2025-02-24,6350.0,6460.0,6200.0,6410.0,6424.0,5950.0,5600.5,5548.0,103119
2025-02-25,6420.0,6680.0,6340.0,6620.0,6434.0,5995.5,5622.666666666667,5555.25,146700
2025-02-26,6560.0,7450.0,6510.0,7100.0,6560.0,6066.5,5653.666666666667,5566.916666666667,458600
2025-02-27,7100.0,7580.0,7050.0,7320.0,6744.0,6149.0,5686.5,5581.0,398642
2025-02-28,7150.0,7680.0,6940.0,7120.0,6914.0,6222.0,5715.666666666667,5592.166666666667,430246
2025-03-04,7050.0,7070.0,6650.0,7030.0,7038.0,6297.0,5742.833333333333,5602.916666666667,200358
2025-03-05,7040.0,7300.0,6970.0,6990.0,7112.0,6368.5,5769.666666666667,5613.583333333333,118398
2025-03-06,7010.0,7770.0,6980.0,7360.0,7164.0,6453.5,5801.0,5624.0,692569
2025-03-07,7290.0,7760.0,7220.0,7420.0,7184.0,6534.5,5833.166666666667,5635.666666666667,361238
2025-03-10,7400.0,7480.0,7090.0,7140.0,7188.0,6609.0,5859.333333333333,5643.833333333333,158912
2025-03-11,6930.0,7300.0,6880.0,7230.0,7228.0,6686.5,5891.166666666667,5655.333333333333,142858
2025-03-12,7180.0,7450.0,7180.0,7290.0,7288.0,6758.0,5924.5,5666.333333333333,100536
2025-03-13,7300.0,7850.0,7210.0,7710.0,7358.0,6847.5,5969.833333333333,5682.166666666667,307859
2025-03-14,7700.0,7920.0,7460.0,7560.0,7386.0,6928.5,6009.333333333333,5697.25,205348
2025-03-17,7540.0,7650.0,7150.0,7260.0,7410.0,6980.0,6043.0,5711.666666666667,210041
2025-03-18,7340.0,7360.0,7000.0,7350.0,7434.0,7031.0,6076.166666666667,5726.916666666667,175882
2025-03-19,7220.0,7440.0,7080.0,7300.0,7436.0,7067.5,6107.0,5739.916666666667,140808
2025-03-20,7300.0,7350.0,6830.0,6930.0,7280.0,7090.5,6133.833333333333,5749.75,154434
2025-03-21,6980.0,6980.0,6670.0,6940.0,7156.0,7117.5,6161.5,5761.0,126506
2025-03-24,6870.0,7380.0,6800.0,7350.0,7174.0,7171.5,6196.166666666667,5776.583333333333,197123
2025-03-25,7420.0,7540.0,7030.0,7260.0,7156.0,7214.0,6230.833333333333,5791.833333333333,87540
2025-03-26,7260.0,7260.0,6970.0,7150.0,7126.0,7240.5,6267.333333333333,5804.416666666667,136252
2025-03-27,7070.0,7340.0,6840.0,7340.0,7208.0,7252.5,6307.5,5819.25,120374
2025-03-28,7340.0,7360.0,7150.0,7230.0,7266.0,7248.0,6345.333333333333,5832.416666666667,66714
2025-03-31,7100.0,7150.0,6820.0,6980.0,7192.0,7241.0,6367.166666666667,5842.25,83814
2025-04-01,6850.0,7180.0,6850.0,7060.0,7152.0,7242.5,6393.166666666667,5853.0,182713
2025-04-02,7060.0,7060.0,6720.0,6720.0,7066.0,7229.0,6414.5,5862.25,117398
2025-04-03,6590.0,6960.0,6570.0,6830.0,6964.0,7202.5,6438.333333333333,5872.333333333333,120571
2025-04-04,6710.0,7050.0,6690.0,7050.0,6928.0,7184.0,6462.833333333333,5884.083333333333,108556
2025-04-07,6980.0,6980.0,6330.0,6530.0,6838.0,7153.5,6477.0,5891.833333333333,153933
2025-04-08,6570.0,6740.0,6430.0,6660.0,6758.0,7125.0,6496.0,5901.083333333333,117728
2025-04-09,6560.0,6690.0,6180.0,6320.0,6678.0,7076.5,6509.666666666667,5908.416666666667,125419
2025-04-10,6490.0,6680.0,6400.0,6670.0,6646.0,7024.5,6530.0,5918.666666666667,96711
2025-04-11,6630.0,7420.0,6560.0,7250.0,6686.0,7009.0,6559.166666666667,5933.333333333333,453844
2025-04-14,7390.0,7600.0,7130.0,7380.0,6856.0,7015.0,6589.666666666667,5949.583333333333,253022
2025-04-15,7380.0,7990.0,7300.0,7800.0,7084.0,7037.5,6625.166666666667,5970.333333333333,389021
2025-04-16,7800.0,8290.0,7490.0,7910.0,7402.0,7068.0,6659.0,5992.0,462201
2025-04-17,7950.0,8930.0,7950.0,8300.0,7728.0,7136.5,6699.5,6016.25,1035691
2025-04-18,8280.0,8550.0,8220.0,8320.0,7942.0,7205.5,6740.333333333333,6041.0,248228
2025-04-21,8320.0,8630.0,8240.0,8380.0,8142.0,7257.0,6782.166666666667,6066.583333333333,217882
2025-04-22,8350.0,8970.0,7580.0,8610.0,8304.0,7324.5,6829.5,6094.75,1538119
2025-04-23,8610.0,8610.0,7900.0,8300.0,8382.0,7382.0,6872.666666666667,6121.416666666667,485114
2025-04-24,8300.0,8520.0,8000.0,8370.0,8396.0,7433.5,6917.5,6148.416666666667,143797
2025-04-25,8370.0,8570.0,8160.0,8270.0,8386.0,7485.5,6960.833333333333,6173.916666666667,192551
2025-04-28,8230.0,8590.0,8200.0,8240.0,8358.0,7548.5,7003.833333333333,6199.416666666667,249264
2025-04-29,8240.0,8840.0,8210.0,8700.0,8376.0,7630.5,7056.666666666667,6228.833333333333,799032
2025-04-30,7990.0,7990.0,7200.0,7360.0,8188.0,7662.5,7086.666666666667,6247.083333333333,1610144
2025-05-02,7360.0,7410.0,7060.0,7300.0,7974.0,7686.0,7114.0,6265.25,289641
2025-05-07,7260.0,7280.0,6940.0,7100.0,7740.0,7688.5,7135.666666666667,6281.0,331562
2025-05-08,7130.0,7150.0,6820.0,6900.0,7472.0,7707.0,7156.5,6296.083333333333,304466
2025-05-09,6970.0,7000.0,6790.0,6830.0,7098.0,7715.5,7175.666666666667,6310.916666666667,170163
2025-05-12,6850.0,6870.0,6710.0,6760.0,6978.0,7737.5,7190.666666666667,6319.916666666667,144792
2025-05-13,6770.0,6880.0,6570.0,6640.0,6846.0,7736.0,7202.666666666667,6330.166666666667,164193
2025-05-14,6710.0,6870.0,6470.0,6800.0,6786.0,7713.5,7217.0,6344.083333333333,212463
2025-05-15,6890.0,6910.0,6600.0,6610.0,6728.0,7675.0,7223.333333333333,6356.333333333333,134264
2025-05-16,6650.0,6690.0,6490.0,6510.0,6664.0,7610.5,7226.333333333333,6367.916666666667,145506
2025-05-19,6570.0,6640.0,6320.0,6400.0,6592.0,7535.0,7223.5,6377.833333333333,102550
2025-05-20,6400.0,6560.0,6330.0,6460.0,6556.0,7443.0,7223.333333333333,6387.333333333333,80617
2025-05-21,6410.0,6770.0,6400.0,6730.0,6542.0,7363.5,7228.833333333333,6398.5,140129
2025-05-22,6730.0,6730.0,6520.0,6610.0,6542.0,7275.0,7234.5,6408.5,120899
2025-05-23,6690.0,6830.0,6630.0,6710.0,6582.0,7180.0,7239.5,6420.0,113644
2025-05-26,6700.0,6710.0,6530.0,6590.0,6620.0,7094.5,7239.0,6430.833333333333,120126
2025-05-27,6520.0,6930.0,6520.0,6840.0,6696.0,7018.0,7234.666666666667,6444.166666666667,145582
2025-05-28,6880.0,7020.0,6770.0,6910.0,6732.0,6950.0,7227.833333333333,6457.166666666667,157391
2025-05-29,6960.0,6960.0,6840.0,6930.0,6796.0,6884.5,7224.666666666667,6470.166666666667,74637
2025-05-30,6930.0,6980.0,6800.0,6820.0,6818.0,6790.5,7221.166666666667,6482.0,67506
2025-06-02,6820.0,7120.0,6800.0,6840.0,6868.0,6764.5,7218.666666666667,6494.166666666667,198415
2025-06-04,6850.0,6960.0,6800.0,6850.0,6870.0,6742.0,7210.166666666667,6505.583333333333,98334
2025-06-05,6900.0,7020.0,6820.0,6860.0,6860.0,6730.0,7200.833333333333,6517.0,80197
2025-06-09,6960.0,7330.0,6880.0,7310.0,6936.0,6750.5,7203.666666666667,6531.5,265925
2025-06-10,7300.0,8500.0,7260.0,8150.0,7202.0,6816.5,7219.0,6555.083333333333,1518181
2025-06-11,8130.0,8290.0,7990.0,8290.0,7492.0,6893.0,7235.666666666667,6580.083333333333,207137
2025-06-12,8290.0,8350.0,8060.0,8280.0,7778.0,6975.0,7245.166666666667,6607.5,125846
2025-06-13,8290.0,8450.0,8050.0,8250.0,8056.0,7047.5,7256.666666666667,6633.0,329317
2025-06-16,8230.0,8650.0,8160.0,8420.0,8278.0,7138.0,7276.0,6659.5,331954
2025-06-17,8550.0,8960.0,8450.0,8850.0,8418.0,7255.0,7301.0,6688.583333333333,463200
2025-06-18,8870.0,9050.0,8620.0,8860.0,8532.0,7378.0,7327.0,6717.0,286624
2025-06-19,8970.0,8970.0,8600.0,8720.0,8620.0,7491.0,7356.833333333333,6745.333333333333,197533
2025-06-20,8790.0,8910.0,8500.0,8890.0,8748.0,7599.0,7389.333333333333,6775.416666666667,232952
2025-06-23,8930.0,9410.0,8930.0,9310.0,8926.0,7734.0,7422.0,6809.083333333333,435164
2025-06-24,9350.0,9460.0,9080.0,9230.0,9002.0,7860.0,7454.833333333333,6842.833333333333,380809
2025-06-25,9250.0,9290.0,8690.0,8870.0,9004.0,7974.0,7483.5,6875.416666666667,373807
2025-06-26,8900.0,8920.0,8500.0,8700.0,9000.0,8067.0,7506.166666666667,6906.833333333333,235590
2025-06-27,8610.0,8990.0,8250.0,8580.0,8938.0,8150.5,7528.666666666667,6937.0,585612
2025-06-30,9050.0,9330.0,8710.0,8940.0,8864.0,8251.0,7561.333333333333,6964.25,554423
2025-07-01,9000.0,9060.0,8810.0,8900.0,8798.0,8355.0,7592.0,6992.583333333333,92029
2025-07-02,9070.0,9090.0,8520.0,8550.0,8734.0,8440.5,7622.5,7018.5,146862
2025-07-03,8690.0,10780.0,8560.0,10350.0,9064.0,8615.5,7681.166666666667,7059.75,1714948
2025-07-04,10570.0,10670.0,10020.0,10160.0,9380.0,8780.5,7733.0,7097.916666666667,506164
2025-07-07,9800.0,9800.0,8820.0,8930.0,9378.0,8861.5,7773.0,7125.0,18891783
2025-07-08,9050.0,9220.0,8830.0,9120.0,9422.0,8910.0,7814.0,7155.0,245767
2025-07-09,9180.0,9380.0,9040.0,9260.0,9564.0,8958.5,7863.0,7186.333333333333,166909
2025-07-10,8990.0,9110.0,8820.0,9010.0,9296.0,8995.0,7902.0,7216.0,207905
2025-07-11,8980.0,9040.0,8610.0,8630.0,8990.0,9014.0,7925.0,7242.083333333333,196991
2025-07-14,8220.0,8340.0,7950.0,8160.0,8836.0,9001.0,7938.0,7263.833333333333,249101
2025-07-15,8080.0,8130.0,7900.0,7930.0,8598.0,8955.0,7940.166666666667,7282.666666666667,139012
2025-07-16,7970.0,7990.0,7750.0,7810.0,8308.0,8902.5,7938.5,7298.75,88588
2025-07-17,7860.0,7880.0,7600.0,7700.0,8046.0,8851.5,7928.5,7314.0,117263
2025-07-18,7670.0,7670.0,7480.0,7590.0,7838.0,8786.5,7916.333333333333,7328.333333333333,100604
2025-07-21,7590.0,7650.0,7320.0,7460.0,7698.0,8694.0,7901.0,7341.583333333333,136037
2025-07-22,7460.0,7520.0,7380.0,7470.0,7606.0,8606.0,7882.0,7355.75,94556
2025-07-23,7540.0,7540.0,7240.0,7320.0,7508.0,8528.5,7865.666666666667,7369.166666666667,123056
2025-07-24,7330.0,7420.0,7060.0,7140.0,7396.0,8450.5,7845.166666666667,7381.333333333333,105472
2025-07-25,7140.0,7280.0,7100.0,7170.0,7312.0,8380.0,7826.833333333333,7393.833333333333,65552
2025-07-28,7100.0,7220.0,6970.0,7020.0,7224.0,8284.0,7806.5,7405.166666666667,61301
2025-07-29,7090.0,7230.0,6950.0,7100.0,7150.0,8194.0,7779.833333333333,7418.25,58013
2025-07-30,7120.0,7190.0,7050.0,7110.0,7108.0,8122.0,7775.666666666667,7431.166666666667,58496
2025-07-31,7110.0,7130.0,7010.0,7090.0,7098.0,7959.0,7772.166666666667,7443.083333333333,50168
2025-08-01,7120.0,7140.0,6690.0,6750.0,7014.0,7788.5,7766.333333333333,7451.0,148656
2025-08-04,6690.0,6930.0,6670.0,6860.0,6982.0,7685.0,7765.666666666667,7461.083333333333,56607
2025-08-05,6940.0,6980.0,6720.0,6840.0,6930.0,7571.0,7765.833333333333,7470.75,36401
2025-08-06,6860.0,7040.0,6850.0,6970.0,6902.0,7456.5,7769.333333333333,7480.0,61733
2025-08-07,7040.0,7270.0,7040.0,7160.0,6916.0,7364.0,7778.0,7490.333333333333,1275312
2025-08-08,7160.0,7210.0,7100.0,7140.0,6994.0,7289.5,7783.666666666667,7500.333333333333,39100
2025-08-11,7130.0,7140.0,7000.0,7020.0,7026.0,7232.5,7790.5,7506.916666666667,62817
2025-08-12,7050.0,7130.0,6950.0,7000.0,7058.0,7186.0,7798.666666666667,7512.5,33920
2025-08-13,7100.0,7100.0,6860.0,6990.0,7062.0,7145.0,7808.5,7516.0,59358
2025-08-14,7040.0,7070.0,6950.0,7000.0,7030.0,7110.0,7817.5,7520.416666666667,37801
2025-08-18,7040.0,7040.0,6760.0,6780.0,6958.0,7069.5,7818.333333333333,7523.583333333333,45547
2025-08-19,6840.0,7040.0,6760.0,6800.0,6914.0,7036.5,7821.5,7528.0,83305
2025-08-20,6840.0,6840.0,6570.0,6760.0,6866.0,7001.0,7822.333333333333,7530.916666666667,40805
2025-08-21,6730.0,6930.0,6610.0,6720.0,6812.0,6971.0,7824.5,7531.75,66317
2025-08-22,6670.0,6820.0,6590.0,6640.0,6740.0,6946.0,7821.166666666667,7527.916666666667,88014
2025-08-25,6660.0,6780.0,6560.0,6580.0,6700.0,6916.5,7815.666666666667,7521.75,78799
2025-08-26,6600.0,6600.0,6390.0,6470.0,6634.0,6889.0,7808.0,7516.333333333333,75814
2025-08-27,6530.0,6600.0,6400.0,6470.0,6576.0,6857.5,7802.166666666667,7511.666666666667,62251
2025-08-28,6530.0,6540.0,6460.0,6470.0,6526.0,6825.5,7796.0,7507.333333333333,18561
2025-08-29,6460.0,6540.0,6400.0,6440.0,6486.0,6793.0,7789.166666666667,7499.666666666667,43377
2025-09-01,6440.0,6450.0,6140.0,6210.0,6412.0,6766.0,7778.333333333333,7489.583333333333,82646
2025-09-02,6220.0,6290.0,6070.0,6120.0,6342.0,6729.0,7758.5,7481.083333333333,67581
2025-09-03,6070.0,6220.0,6070.0,6160.0,6280.0,6695.0,7725.333333333333,7472.166666666667,41605
2025-09-04,6160.0,6270.0,6100.0,6230.0,6232.0,6658.0,7691.0,7463.333333333333,31346
2025-09-05,6250.0,6270.0,6140.0,6160.0,6176.0,6608.0,7655.666666666667,7450.416666666667,31303
2025-09-08,6320.0,6320.0,6150.0,6260.0,6186.0,6564.0,7622.5,7439.583333333333,24015
2025-09-09,6260.0,6300.0,6180.0,6250.0,6212.0,6525.5,7586.333333333333,7431.166666666667,23736
2025-09-10,6300.0,6330.0,6240.0,6310.0,6242.0,6491.0,7544.0,7422.5,24532
2025-09-11,6350.0,6360.0,6230.0,6250.0,6246.0,6454.0,7500.5,7413.75,18683
2025-09-12,6280.0,6350.0,6220.0,6290.0,6272.0,6418.5,7460.0,7408.416666666667,38497
2025-09-15,6290.0,6360.0,6030.0,6300.0,6280.0,6394.5,7416.833333333333,7403.083333333333,47470
2025-09-16,6300.0,6340.0,6260.0,6280.0,6286.0,6368.5,7366.333333333333,7394.166666666667,31311
2025-09-17,6300.0,6350.0,6250.0,6280.0,6280.0,6344.5,7317.166666666667,7386.0,22285
2025-09-18,6360.0,6430.0,6310.0,6350.0,6300.0,6326.0,7275.166666666667,7379.333333333333,25925
2025-09-22,6200.0,6290.0,6060.0,6110.0,6264.0,6299.5,7232.0,7369.083333333333,69993
2025-09-23,6110.0,6220.0,6000.0,6100.0,6224.0,6275.5,7190.666666666667,7359.666666666667,79899
2025-09-24,6150.0,6200.0,6000.0,6050.0,6178.0,6254.5,7142.5,7351.916666666667,36871
2025-09-25,6080.0,6150.0,6000.0,6110.0,6144.0,6236.5,7096.0,7344.0,29894
2025-09-26,6200.0,6210.0,6000.0,6050.0,6084.0,6215.5,7054.333333333333,7338.416666666667,54084
2025-09-29,6030.0,6140.0,6020.0,6090.0,6080.0,6198.0,6983.333333333333,7332.25,23423
2025-09-30,6100.0,6110.0,5910.0,5940.0,6048.0,6184.5,6913.0,7323.0,48515
2025-10-01,5940.0,6010.0,5890.0,5970.0,6032.0,6177.0,6863.666666666667,7318.333333333333,20831
2025-10-02,5980.0,6030.0,5940.0,5990.0,6008.0,6168.5,6811.5,7312.75,20114
2025-10-10,5950.0,6000.0,5800.0,5900.0,5978.0,6152.0,6755.5,7309.25,69258
2025-10-13,5770.0,5920.0,5750.0,5830.0,5926.0,6135.5,6702.5,7302.25,40351
2025-10-14,5810.0,5990.0,5810.0,5910.0,5920.0,6118.0,6657.166666666667,7291.083333333333,36168
2025-10-15,5880.0,6110.0,5830.0,6080.0,5942.0,6109.5,6622.5,7280.25,44510
2025-10-16,6090.0,6320.0,6080.0,6190.0,5982.0,6103.5,6593.5,7266.833333333333,62358
2025-10-17,6170.0,6260.0,6040.0,6040.0,6010.0,6093.0,6564.0,7251.25,56039
2025-10-20,6030.0,6100.0,5980.0,6080.0,6060.0,6082.5,6537.0,7232.75,19269
2025-10-21,6100.0,6180.0,5960.0,6040.0,6086.0,6069.5,6511.166666666667,7213.75,67112
2025-10-22,6070.0,6100.0,5920.0,6080.0,6086.0,6059.5,6488.166666666667,7194.583333333333,36281
2025-10-23,6030.0,6150.0,6000.0,6080.0,6064.0,6049.5,6465.0,7173.5,32354
2025-10-24,6110.0,6140.0,6020.0,6080.0,6072.0,6036.0,6444.333333333333,7155.0,27987
2025-10-27,6080.0,6100.0,5980.0,6070.0,6070.0,6034.0,6426.5,7135.833333333333,39372
2025-10-28,6120.0,6245.0,6050.0,6110.0,6084.0,6034.5,6408.833333333333,7117.833333333333,61439
2025-10-29,6090.0,6170.0,6060.0,6130.0,6094.0,6038.5,6394.0,7100.25,56736
2025-10-30,6080.0,6160.0,5650.0,5940.0,6066.0,6030.0,6374.666666666667,7077.25,75160
2025-10-31,5810.0,6070.0,5810.0,5900.0,6030.0,6022.5,6354.5,7065.083333333333,38966
2025-11-03,5890.0,5900.0,5730.0,5790.0,5974.0,6007.5,6332.833333333333,7052.5,80861
2025-11-04,5730.0,5930.0,5710.0,5830.0,5918.0,6002.0,6317.5,7041.916666666667,57757
2025-11-05,5830.0,5860.0,5600.0,5760.0,5844.0,5991.5,6299.166666666667,7032.416666666667,89236
2025-11-06,5830.0,5880.0,5670.0,5840.0,5824.0,5984.0,6282.5,7024.166666666667,48696
2025-11-07,5850.0,5850.0,5500.0,5600.0,5764.0,5969.0,6259.666666666667,7014.5,59938
2025-11-10,5760.0,5770.0,5650.0,5710.0,5748.0,5963.0,6235.5,7006.75,32030
2025-11-11,5790.0,5940.0,5660.0,5720.0,5726.0,5953.5,6211.833333333333,6997.75,42288
2025-11-12,5700.0,5900.0,5700.0,5850.0,5744.0,5942.0,6192.333333333333,6991.416666666667,34174
2025-11-13,5850.0,5910.0,5730.0,5750.0,5726.0,5920.0,6171.5,6985.083333333333,28955
2025-11-14,5730.0,5790.0,5610.0,5650.0,5736.0,5900.5,6149.166666666667,6978.833333333333,28257
2025-11-17,5610.0,5770.0,5350.0,5350.0,5664.0,5864.0,6121.666666666667,6969.583333333333,63119
2025-11-18,5250.0,5360.0,5210.0,5270.0,5574.0,5825.5,6096.5,6957.416666666667,58658
2025-11-19,5220.0,5280.0,5150.0,5270.0,5458.0,5785.0,6071.0,6946.25,62938
2025-11-20,5230.0,5530.0,5170.0,5310.0,5370.0,5746.5,6046.833333333333,6934.583333333333,72234
2025-11-21,5300.0,5300.0,5130.0,5210.0,5282.0,5703.0,6021.666666666667,6923.083333333333,65248
2025-11-24,5220.0,5260.0,5050.0,5090.0,5230.0,5654.0,5995.833333333333,6908.5,36208
2025-11-25,5080.0,5180.0,4995.0,5130.0,5202.0,5605.0,5971.666666666667,6893.666666666667,42469
2025-11-26,5080.0,5230.0,5080.0,5140.0,5176.0,5555.5,5949.5,6878.75,49121
2025-11-27,5190.0,5200.0,5060.0,5070.0,5128.0,5512.0,5926.166666666667,6864.166666666667,22152
2025-11-28,5030.0,5150.0,5030.0,5130.0,5112.0,5473.5,5903.833333333333,6849.916666666667,35717
2025-12-01,5160.0,5200.0,4970.0,4990.0,5092.0,5433.5,5879.666666666667,6834.416666666667,74229
2025-12-02,5030.0,5040.0,4900.0,4945.0,5055.0,5389.25,5858.583333333333,6818.458333333333,60683
2025-12-03,4970.0,5010.0,4940.0,5000.0,5027.0,5351.25,5839.916666666667,6799.208333333333,26980
2025-12-04,5040.0,5180.0,4995.0,5060.0,5025.0,5312.25,5821.583333333333,6773.458333333333,60986
2025-12-05,5140.0,5180.0,5010.0,5100.0,5019.0,5287.25,5802.75,6746.875,34386
2025-12-08,5170.0,5170.0,5050.0,5080.0,5037.0,5255.75,5784.75,6720.208333333333,21943
2025-12-09,5080.0,5120.0,5030.0,5080.0,5064.0,5223.75,5765.083333333333,6693.791666666667,21753
2025-12-10,5060.0,5110.0,5030.0,5070.0,5078.0,5184.75,5745.416666666667,6665.875,6105
2025-12-11,5120.0,5120.0,5020.0,5070.0,5080.0,5150.75,5724.75,6634.375,26085
2025-12-12,5070.0,5110.0,4970.0,5040.0,5068.0,5120.25,5704.583333333333,6602.541666666667,122326
2025-12-15,5020.0,5050.0,4970.0,5050.0,5062.0,5105.25,5683.916666666667,6571.958333333333,46270
2025-12-16,4990.0,5020.0,4900.0,4910.0,5028.0,5087.25,5660.75,6538.791666666667,71769
2025-12-17,4965.0,4965.0,4855.0,4950.0,5004.0,5071.25,5638.583333333333,6502.458333333333,26435
2025-12-18,4950.0,4955.0,4885.0,4905.0,4971.0,5051.0,5615.666666666667,6466.416666666667,23696
2025-12-19,4910.0,5010.0,4900.0,5010.0,4965.0,5041.0,5593.333333333333,6434.25,23941
2025-12-22,5050.0,5110.0,5020.0,5090.0,4973.0,5041.0,5576.333333333333,6404.166666666667,32698
2025-12-23,5120.0,5120.0,4995.0,5000.0,4991.0,5034.5,5558.0,6374.333333333333,23478
2025-12-24,5000.0,5030.0,4980.0,4995.0,5000.0,5027.25,5540.416666666667,6341.458333333333,18218
2025-12-26,5000.0,5010.0,4840.0,4935.0,5006.0,5020.5,5520.833333333333,6308.416666666667,79264
2025-12-29,4910.0,4950.0,4880.0,4950.0,4994.0,5011.5,5502.5,6278.416666666667,9800
2025-12-30,4980.0,5190.0,4930.0,5130.0,5002.0,5018.5,5486.5,6234.916666666667,62297
2026-01-02,5090.0,5450.0,5070.0,5360.0,5074.0,5039.25,5476.833333333333,6194.916666666667,180283
2026-01-05,5360.0,5490.0,5140.0,5190.0,5113.0,5048.75,5463.833333333333,6163.75,193058
2026-01-06,5190.0,5360.0,5150.0,5300.0,5186.0,5060.75,5452.333333333333,6131.916666666667,160129
2026-01-07,5250.0,5300.0,5080.0,5120.0,5220.0,5061.75,5439.333333333333,6097.416666666667,76008
2026-01-08,5120.0,5150.0,4990.0,5000.0,5194.0,5057.75,5425.5,6064.0,90717
2026-01-09,5030.0,5080.0,4985.0,5000.0,5122.0,5053.75,5410.333333333333,6033.75,39272
2026-01-12,4960.0,5200.0,4925.0,5100.0,5104.0,5055.25,5394.0,6008.25,85226
2026-01-13,5100.0,5330.0,5100.0,5280.0,5100.0,5065.75,5378.833333333333,5986.166666666667,61713
2026-01-14,5300.0,5310.0,5200.0,5220.0,5120.0,5074.75,5365.166666666667,5964.583333333333,46211
2026-01-15,5220.0,5350.0,5210.0,5310.0,5182.0,5087.75,5352.333333333333,5944.666666666667,79478
2026-01-16,5310.0,5430.0,5260.0,5330.0,5248.0,5108.75,5340.5,5925.833333333333,84388
2026-01-19,5330.0,5330.0,5010.0,5180.0,5264.0,5120.25,5325.5,5906.833333333333,157470
2026-01-20,5140.0,5450.0,5120.0,5210.0,5250.0,5135.5,5311.0,5888.0,129824
2026-01-21,5200.0,5280.0,5080.0,5210.0,5248.0,5145.5,5296.5,5870.416666666667,113152
2026-01-22,5210.0,5240.0,5120.0,5140.0,5214.0,5148.0,5281.0,5853.75,84555
2026-01-23,5140.0,5370.0,5100.0,5340.0,5216.0,5165.0,5268.166666666667,5838.5,115164
2026-01-26,5340.0,5480.0,5300.0,5400.0,5260.0,5185.25,5256.0,5825.0,141367
2026-01-27,5440.0,5500.0,5340.0,5400.0,5298.0,5208.5,5247.0,5810.833333333333,121507
2026-01-28,5400.0,5490.0,5350.0,5390.0,5334.0,5230.5,5238.5,5796.5,90853
2026-01-29,5390.0,5520.0,5280.0,5470.0,5400.0,5247.5,5233.166666666667,5783.0,107892
2026-01-30,5470.0,5470.0,5270.0,5380.0,5408.0,5248.5,5225.666666666667,5771.583333333333,223740
2026-02-02,5340.0,5380.0,5000.0,5050.0,5338.0,5241.5,5213.833333333333,5756.5,245388
2026-02-03,5130.0,5160.0,4975.0,5030.0,5264.0,5228.0,5200.333333333333,5741.416666666667,111890
2026-02-04,5030.0,5200.0,4960.0,5120.0,5210.0,5228.0,5192.333333333333,5726.0,89969
2026-02-05,5120.0,5140.0,4985.0,4985.0,5113.0,5227.25,5180.25,5707.875,82018
2026-02-06,4960.0,4980.0,4770.0,4910.0,5019.0,5222.75,5166.75,5689.291666666667,103885
2026-02-09,4950.0,5130.0,4930.0,5020.0,5013.0,5218.75,5152.916666666667,5672.625,86957
2026-02-10,5050.0,5190.0,5050.0,5110.0,5029.0,5210.25,5142.25,5656.875,44422
2026-02-11,5110.0,5160.0,5050.0,5100.0,5025.0,5204.25,5133.083333333333,5641.125,43856
2026-02-12,5100.0,5150.0,5080.0,5110.0,5050.0,5194.25,5129.083333333333,5625.375,37611
2026-02-13,5120.0,5120.0,4920.0,4995.0,5067.0,5177.5,5124.5,5610.5,56913
2026-02-19,4995.0,5090.0,4895.0,5040.0,5071.0,5170.5,5120.666666666667,5595.833333333333,98505
2026-02-20,5000.0,5050.0,4930.0,4930.0,5035.0,5156.5,5114.333333333333,5580.583333333333,84156
2026-02-23,4905.0,4925.0,4815.0,4865.0,4988.0,5139.25,5108.583333333333,5565.125,93681
2026-02-24,4865.0,4880.0,4815.0,4845.0,4935.0,5124.5,5104.5,5550.166666666667,83542
2026-02-25,4845.0,4845.0,4710.0,4730.0,4882.0,5094.0,5097.833333333333,5534.75,202708
2026-02-26,4730.0,4780.0,4580.0,4590.0,4792.0,5053.5,5088.666666666667,5519.083333333333,253502
2026-02-27,4590.0,4700.0,4505.0,4700.0,4746.0,5018.5,5082.5,5504.333333333333,91173
2026-03-03,4695.0,4695.0,4450.0,4450.0,4663.0,4971.5,5071.166666666667,5487.5,179600
2026-03-04,4365.0,4425.0,3930.0,4050.0,4504.0,4900.5,5055.5,5467.583333333333,303642
2026-03-05,4120.0,4320.0,4120.0,4265.0,4411.0,4844.75,5044.166666666667,5451.375,141382
2026-03-06,4260.0,4380.0,4050.0,4270.0,4347.0,4805.75,5032.0,5435.958333333333,91612
2026-03-09,4095.0,4210.0,4050.0,4195.0,4246.0,4764.0,5017.583333333333,5419.583333333333,98077
2026-03-10,4230.0,4360.0,4220.0,4350.0,4226.0,4725.5,5005.083333333333,5403.916666666667,27561
2026-03-11,4340.0,4420.0,4280.0,4290.0,4274.0,4690.75,4991.916666666667,5388.333333333333,27493
2026-03-12,4290.0,4410.0,4290.0,4395.0,4300.0,4665.0,4980.5,5372.791666666667,12984
2026-03-13,4395.0,4565.0,4320.0,4400.0,4326.0,4634.0,4969.333333333333,5357.375,86694
2026-03-16,4390.0,4425.0,4290.0,4325.0,4352.0,4594.75,4956.916666666667,5340.833333333333,53420
2026-03-17,4325.0,4455.0,4290.0,4380.0,4358.0,4558.75,4945.916666666667,5325.25,35372
2026-03-18,4380.0,4435.0,4300.0,4360.0,4372.0,4521.25,4934.416666666667,5309.166666666667,41960
2026-03-19,4350.0,4350.0,4195.0,4235.0,4340.0,4483.25,4923.166666666667,5291.958333333333,55638
2026-03-20,4255.0,4315.0,4220.0,4235.0,4307.0,4443.0,4911.25,5274.916666666667,28414
2026-03-23,4235.0,4235.0,4000.0,4040.0,4250.0,4398.5,4896.833333333333,5256.25,67473
2026-03-24,4080.0,4180.0,4040.0,4065.0,4187.0,4358.5,4881.083333333333,5237.208333333333,21529
2026-03-25,4050.0,4195.0,4050.0,4175.0,4150.0,4325.0,4865.833333333333,5221.083333333333,39252
2026-03-26,4200.0,4250.0,4055.0,4065.0,4116.0,4291.75,4850.25,5204.125,48273
2026-03-27,4040.0,4195.0,3995.0,4195.0,4108.0,4272.0,4836.916666666667,5188.666666666667,55540
2026-03-30,4100.0,4150.0,4000.0,4035.0,4107.0,4238.75,4821.916666666667,5171.375,36437
2026-03-31,4030.0,4160.0,4000.0,4020.0,4098.0,4217.25,4806.416666666667,5154.458333333333,49071
2026-04-01,4035.0,4145.0,4035.0,4135.0,4090.0,4221.5,4789.833333333333,5138.166666666667,52532
2026-04-02,4140.0,4170.0,3760.0,4000.0,4077.0,4208.25,4767.166666666667,5122.0,88018
2026-04-03,4000.0,4055.0,3955.0,3980.0,4034.0,4193.75,4747.0,5105.416666666667,19350
2026-04-06,3950.0,4000.0,3870.0,3895.0,4006.0,4178.75,4723.583333333333,5087.958333333333,37704
2026-04-07,3850.0,3910.0,3650.0,3650.0,3932.0,4143.75,4699.083333333333,5069.208333333333,165687
2026-04-08,3105.0,3645.0,3045.0,3645.0,3834.0,4111.5,4676.5,5051.0,1858963
2026-04-09,3650.0,3795.0,3565.0,3755.0,3785.0,4079.5,4655.75,5033.041666666667,143015
2026-04-10,3750.0,3850.0,3690.0,3805.0,3750.0,4049.75,4634.166666666667,5014.083333333333,80777
2026-04-13,3715.0,3855.0,3665.0,3820.0,3735.0,4024.5,4609.833333333333,4994.333333333333,63380
2026-04-14,3850.0,4085.0,3800.0,4065.0,3818.0,4008.75,4590.583333333333,4977.875,86620
2026-04-15,4065.0,4090.0,4005.0,4060.0,3901.0,3993.75,4569.75,4961.041666666667,62544
2026-04-16,4085.0,4120.0,4010.0,4010.0,3952.0,3982.5,4547.75,4944.125,77275
2026-04-17,4010.0,4030.0,3935.0,4025.0,3996.0,3972.0,4528.5,4927.0,58829
2026-04-20,4020.0,4045.0,3890.0,3920.0,4016.0,3966.0,4507.0,4909.0,77801
2026-04-21,3920.0,3980.0,3880.0,3900.0,3983.0,3957.75,4485.166666666667,4890.833333333333,63750
2026-04-22,3900.0,3940.0,3865.0,3880.0,3947.0,3943.0,4464.166666666667,4872.583333333333,32454
2026-04-23,3880.0,3915.0,3790.0,3790.0,3903.0,3929.25,4438.333333333333,4853.25,61174
2026-04-24,3800.0,4055.0,3795.0,4010.0,3900.0,3920.0,4415.166666666667,4835.583333333333,78835
2026-04-27,4010.0,4155.0,4000.0,4020.0,3920.0,3919.25,4392.166666666667,4819.583333333333,76489
2026-04-28,3990.0,4050.0,3955.0,4000.0,3940.0,3918.25,4369.0,4803.75,56540
2026-04-29,3995.0,4190.0,3995.0,4060.0,3976.0,3914.5,4345.5,4789.333333333333,60591
2026-04-30,4145.0,4145.0,4015.0,4065.0,4031.0,3917.75,4323.583333333333,4774.625,59916
2026-05-04,4145.0,4150.0,3960.0,3960.0,4021.0,3916.75,4305.416666666667,4759.625,64716
2026-05-06,3960.0,4010.0,3800.0,3840.0,3985.0,3914.0,4285.583333333333,4742.958333333333,96144
2026-05-07,3840.0,3840.0,3705.0,3720.0,3929.0,3917.5,4262.25,4727.291666666667,65672
2026-05-08,3785.0,3785.0,3660.0,3710.0,3859.0,3920.75,4241.0,4710.625,62685
2026-05-11,3710.0,3715.0,3520.0,3540.0,3754.0,3910.0,4218.166666666667,4692.458333333333,124531
2026-05-12,3530.0,3550.0,3370.0,3440.0,3650.0,3891.75,4191.833333333333,4672.375,125051
2026-05-13,3440.0,3440.0,3355.0,3370.0,3556.0,3869.25,4162.833333333333,4652.541666666667,52290
2026-05-14,3375.0,3475.0,3310.0,3475.0,3507.0,3839.75,4135.75,4634.416666666667,78735
2026-05-15,3450.0,3515.0,3330.0,3410.0,3447.0,3807.25,4107.416666666667,4618.25,103331
2026-05-18,3405.0,3405.0,3210.0,3250.0,3389.0,3769.25,4078.3333333333335,4601.416666666667,160304
2026-05-19,3225.0,3290.0,3160.0,3245.0,3350.0,3730.25,4048.4166666666665,4584.541666666667,83883
2026-05-20,3225.0,3230.0,3080.0,3090.0,3294.0,3688.75,4017.75,4566.041666666667,69612
2026-05-21,3095.0,3210.0,3085.0,3115.0,3222.0,3649.5,3988.5833333333335,4548.583333333333,62985
2026-05-22,3115.0,3270.0,3115.0,3230.0,3186.0,3617.0,3961.6666666666665,4533.083333333333,61857
2026-05-26,3230.0,3270.0,3135.0,3195.0,3175.0,3587.25,3936.0833333333335,4516.958333333333,50075
2026-05-27,3125.0,3195.0,3025.0,3110.0,3148.0,3542.25,3911.4166666666665,4500.041666666667,95588
2026-05-28,3140.0,3160.0,2965.0,3075.0,3145.0,3495.0,3884.3333333333335,4483.416666666667,80249
2026-05-29,3075.0,3120.0,2980.0,3005.0,3123.0,3445.25,3860.25,4465.708333333333,49942
2026-06-01,3005.0,3015.0,2845.0,2950.0,3067.0,3389.75,3841.9166666666665,4448.708333333333,140979
2026-06-02,2850.0,2990.0,2820.0,2975.0,3023.0,3335.25,3820.4166666666665,4432.291666666667,105339
2026-06-04,2995.0,3000.0,2870.0,2910.0,2983.0,3282.75,3797.75,4414.875,41534
2026-06-05,2890.0,3000.0,2850.0,2965.0,2961.0,3239.0,3777.25,4397.416666666667,57239
2026-06-08,2755.0,2970.0,2745.0,2770.0,2914.0,3191.5,3750.9166666666665,4378.0,75921
2026-06-09,2720.0,2925.0,2720.0,2820.0,2888.0,3147.0,3726.4166666666665,4359.166666666667,56972
2026-06-10,2770.0,2845.0,2695.0,2760.0,2845.0,3108.0,3699.1666666666665,4339.833333333333,58638
2026-06-11,2740.0,2770.0,2680.0,2745.0,2812.0,3073.25,3671.5833333333335,4320.458333333333,27599
2026-06-12,2750.0,2850.0,2745.0,2745.0,2768.0,3042.0,3645.25,4301.083333333333,39443
2026-06-15,2755.0,2860.0,2755.0,2825.0,2779.0,3009.5,3619.3333333333335,4282.625,29865
2026-06-16,2830.0,2850.0,2650.0,2820.0,2779.0,2980.0,3593.6666666666665,4264.041666666667,44019
2026-06-17,2820.0,2855.0,2740.0,2830.0,2793.0,2959.0,3570.25,4246.708333333333,36577
2026-06-18,2805.0,2830.0,2705.0,2725.0,2789.0,2933.0,3545.0833333333335,4228.166666666667,39993
2026-06-19,2725.0,2725.0,2510.0,2605.0,2761.0,2908.75,3521.1666666666665,4209.0,104093
2026-06-22,2605.0,2665.0,2515.0,2565.0,2709.0,2881.25,3496.1666666666665,4188.625,52883
2026-06-23,2495.0,2560.0,2385.0,2450.0,2635.0,2842.25,3467.4166666666665,4166.625,112847
2026-06-24,2330.0,2470.0,2255.0,2400.0,2549.0,2802.5,3439.6666666666665,4144.958333333333,139988
2026-06-25,2400.0,2410.0,2230.0,2350.0,2474.0,2764.5,3408.9166666666665,4122.916666666667,122101
2026-06-26,2250.0,2285.0,2100.0,2175.0,2388.0,2719.5,3377.9166666666665,4099.916666666667,173678
2026-06-29,2025.0,2345.0,2025.0,2305.0,2336.0,2684.5,3349.3333333333335,4077.875,89433
2026-06-30,2305.0,2395.0,2305.0,2370.0,2320.0,2655.5,3319.9166666666665,4054.875,26450
2026-07-01,2370.0,2430.0,2300.0,2425.0,2325.0,2628.0,3293.6666666666665,4030.4166666666665,21288
2026-07-02,2320.0,2445.0,2320.0,2425.0,2340.0,2603.75,3267.75,4007.375,30114
2026-07-03,2420.0,2420.0,2320.0,2350.0,2375.0,2573.0,3242.0,3982.7916666666665,29002
2026-07-06,2350.0,2400.0,2315.0,2350.0,2384.0,2552.0,3220.3333333333335,3959.7083333333335,17533
2026-07-07,2350.0,2395.0,2275.0,2355.0,2381.0,2528.75,3198.8333333333335,3937.6666666666665,49690
2026-07-08,2350.0,2390.0,2295.0,2340.0,2364.0,2507.75,3175.25,3915.5,34123
2026-07-09,2305.0,2395.0,2170.0,2170.0,2313.0,2479.0,3148.0,3891.0833333333335,159949
2026-07-10,2185.0,2385.0,2185.0,2315.0,2306.0,2457.5,3122.9166666666665,3866.375,55662
